{"textures":{"0":"modelengine:entity/heart_texture"},"elements":[{"from":[4.5714283,3.7692537,2.0143576],"to":[11.428572,6.054968,7.7286434],"rotation":{"angle":-45.0,"axis":"x","origin":[8.0,10.626397,6.5857863]},"faces":{"east":{"uv":[12.0,0.0,14.5,1.0],"rotation":0,"texture":"#0","tintindex":0},"south":{"uv":[0.0,12.0,3.0,13.0],"rotation":0,"texture":"#0","tintindex":0},"north":{"uv":[11.5,11.5,14.5,12.5],"rotation":0,"texture":"#0","tintindex":0},"west":{"uv":[12.0,1.0,14.5,2.0],"rotation":0,"texture":"#0","tintindex":0},"up":{"uv":[7.0,10.5,4.0,8.0],"rotation":0,"texture":"#0","tintindex":0},"down":{"uv":[11.0,4.0,8.0,6.5],"rotation":0,"texture":"#0","tintindex":0}}},{"from":[3.4285712,6.054968,2.0143576],"to":[12.571428,15.197825,11.157215],"rotation":{"angle":-45.0,"axis":"x","origin":[8.0,10.626397,6.5857863]},"faces":{"east":{"uv":[0.0,4.0,4.0,8.0],"rotation":0,"texture":"#0","tintindex":0},"south":{"uv":[4.0,0.0,8.0,4.0],"rotation":0,"texture":"#0","tintindex":0},"north":{"uv":[0.0,0.0,4.0,4.0],"rotation":0,"texture":"#0","tintindex":0},"west":{"uv":[4.0,4.0,8.0,8.0],"rotation":0,"texture":"#0","tintindex":0},"up":{"uv":[4.0,12.0,0.0,8.0],"rotation":0,"texture":"#0","tintindex":0},"down":{"uv":[12.0,0.0,8.0,4.0],"rotation":0,"texture":"#0","tintindex":0}}}],"display":{"head":{"translation":[0.0,-6.4,0.0],"scale":[4.0,4.0,4.0]}}}