{
  "parent": "block/blue_stained_glass",
  "overrides": [
    {
      "predicate": {
        "custom_model_data": 190000
      },
      "model": "nova:block/fluid/tank/lava/0"
    },
    {
      "predicate": {
        "custom_model_data": 190001
      },
      "model": "nova:block/fluid/tank/lava/1"
    },
    {
      "predicate": {
        "custom_model_data": 190002
      },
      "model": "nova:block/fluid/tank/lava/2"
    },
    {
      "predicate": {
        "custom_model_data": 190003
      },
      "model": "nova:block/fluid/tank/lava/3"
    },
    {
      "predicate": {
        "custom_model_data": 190004
      },
      "model": "nova:block/fluid/tank/lava/4"
    },
    {
      "predicate": {
        "custom_model_data": 190005
      },
      "model": "nova:block/fluid/tank/lava/5"
    },
    {
      "predicate": {
        "custom_model_data": 190006
      },
      "model": "nova:block/fluid/tank/lava/6"
    },
    {
      "predicate": {
        "custom_model_data": 190007
      },
      "model": "nova:block/fluid/tank/lava/7"
    },
    {
      "predicate": {
        "custom_model_data": 190008
      },
      "model": "nova:block/fluid/tank/lava/8"
    },
    {
      "predicate": {
        "custom_model_data": 190009
      },
      "model": "nova:block/fluid/tank/lava/9"
    },
    {
      "predicate": {
        "custom_model_data": 190010
      },
      "model": "nova:block/fluid/tank/lava/10"
    },
    {
      "predicate": {
        "custom_model_data": 190011
      },
      "model": "nova:block/fluid/tank/lava/11"
    },
    {
      "predicate": {
        "custom_model_data": 190012
      },
      "model": "nova:block/fluid/tank/lava/12"
    },
    {
      "predicate": {
        "custom_model_data": 190013
      },
      "model": "nova:block/fluid/tank/lava/13"
    },
    {
      "predicate": {
        "custom_model_data": 190014
      },
      "model": "nova:block/fluid/tank/lava/14"
    },
    {
      "predicate": {
        "custom_model_data": 190015
      },
      "model": "nova:block/fluid/tank/lava/15"
    },
    {
      "predicate": {
        "custom_model_data": 190016
      },
      "model": "nova:block/fluid/tank/lava/16"
    },
    {
      "predicate": {
        "custom_model_data": 190017
      },
      "model": "nova:block/fluid/tank/lava/17"
    },
    {
      "predicate": {
        "custom_model_data": 190018
      },
      "model": "nova:block/fluid/tank/lava/18"
    },
    {
      "predicate": {
        "custom_model_data": 190019
      },
      "model": "nova:block/fluid/tank/lava/19"
    },
    {
      "predicate": {
        "custom_model_data": 190020
      },
      "model": "nova:block/fluid/tank/lava/20"
    },
    {
      "predicate": {
        "custom_model_data": 190021
      },
      "model": "nova:block/fluid/tank/lava/21"
    },
    {
      "predicate": {
        "custom_model_data": 190022
      },
      "model": "nova:block/fluid/tank/lava/22"
    },
    {
      "predicate": {
        "custom_model_data": 190023
      },
      "model": "nova:block/fluid/tank/lava/23"
    },
    {
      "predicate": {
        "custom_model_data": 190024
      },
      "model": "nova:block/fluid/tank/lava/24"
    },
    {
      "predicate": {
        "custom_model_data": 190025
      },
      "model": "nova:block/fluid/tank/lava/25"
    },
    {
      "predicate": {
        "custom_model_data": 190026
      },
      "model": "nova:block/fluid/tank/lava/26"
    },
    {
      "predicate": {
        "custom_model_data": 190027
      },
      "model": "nova:block/fluid/tank/lava/27"
    },
    {
      "predicate": {
        "custom_model_data": 190028
      },
      "model": "nova:block/fluid/tank/lava/28"
    },
    {
      "predicate": {
        "custom_model_data": 190029
      },
      "model": "nova:block/fluid/tank/lava/29"
    },
    {
      "predicate": {
        "custom_model_data": 190030
      },
      "model": "nova:block/fluid/tank/lava/30"
    },
    {
      "predicate": {
        "custom_model_data": 190031
      },
      "model": "nova:block/fluid/tank/lava/31"
    },
    {
      "predicate": {
        "custom_model_data": 190032
      },
      "model": "nova:block/fluid/tank/lava/32"
    },
    {
      "predicate": {
        "custom_model_data": 190033
      },
      "model": "nova:block/fluid/tank/lava/33"
    },
    {
      "predicate": {
        "custom_model_data": 190034
      },
      "model": "nova:block/fluid/tank/lava/34"
    },
    {
      "predicate": {
        "custom_model_data": 190035
      },
      "model": "nova:block/fluid/tank/lava/35"
    },
    {
      "predicate": {
        "custom_model_data": 190036
      },
      "model": "nova:block/fluid/tank/lava/36"
    },
    {
      "predicate": {
        "custom_model_data": 190037
      },
      "model": "nova:block/fluid/tank/lava/37"
    },
    {
      "predicate": {
        "custom_model_data": 190038
      },
      "model": "nova:block/fluid/tank/lava/38"
    },
    {
      "predicate": {
        "custom_model_data": 190039
      },
      "model": "nova:block/fluid/tank/lava/39"
    },
    {
      "predicate": {
        "custom_model_data": 190040
      },
      "model": "nova:block/fluid/tank/lava/40"
    },
    {
      "predicate": {
        "custom_model_data": 190041
      },
      "model": "nova:block/fluid/tank/lava/41"
    },
    {
      "predicate": {
        "custom_model_data": 190042
      },
      "model": "nova:block/fluid/tank/lava/42"
    },
    {
      "predicate": {
        "custom_model_data": 190043
      },
      "model": "nova:block/fluid/tank/lava/43"
    },
    {
      "predicate": {
        "custom_model_data": 190044
      },
      "model": "nova:block/fluid/tank/lava/44"
    },
    {
      "predicate": {
        "custom_model_data": 190045
      },
      "model": "nova:block/fluid/tank/lava/45"
    },
    {
      "predicate": {
        "custom_model_data": 190046
      },
      "model": "nova:block/fluid/tank/lava/46"
    },
    {
      "predicate": {
        "custom_model_data": 190047
      },
      "model": "nova:block/fluid/tank/lava/47"
    },
    {
      "predicate": {
        "custom_model_data": 190048
      },
      "model": "nova:block/fluid/tank/lava/48"
    },
    {
      "predicate": {
        "custom_model_data": 190049
      },
      "model": "nova:block/fluid/tank/lava/49"
    },
    {
      "predicate": {
        "custom_model_data": 190050
      },
      "model": "nova:block/fluid/tank/lava/50"
    },
    {
      "predicate": {
        "custom_model_data": 190051
      },
      "model": "nova:block/fluid/tank/lava/51"
    },
    {
      "predicate": {
        "custom_model_data": 190052
      },
      "model": "nova:block/fluid/tank/lava/52"
    },
    {
      "predicate": {
        "custom_model_data": 190053
      },
      "model": "nova:block/fluid/tank/lava/53"
    },
    {
      "predicate": {
        "custom_model_data": 190054
      },
      "model": "nova:block/fluid/tank/lava/54"
    },
    {
      "predicate": {
        "custom_model_data": 190055
      },
      "model": "nova:block/fluid/tank/lava/55"
    },
    {
      "predicate": {
        "custom_model_data": 190056
      },
      "model": "nova:block/fluid/tank/lava/56"
    },
    {
      "predicate": {
        "custom_model_data": 190057
      },
      "model": "nova:block/fluid/tank/lava/57"
    },
    {
      "predicate": {
        "custom_model_data": 190058
      },
      "model": "nova:block/fluid/tank/lava/58"
    },
    {
      "predicate": {
        "custom_model_data": 190059
      },
      "model": "nova:block/fluid/tank/lava/59"
    },
    {
      "predicate": {
        "custom_model_data": 190060
      },
      "model": "nova:block/fluid/tank/lava/60"
    },
    {
      "predicate": {
        "custom_model_data": 190061
      },
      "model": "nova:block/fluid/tank/lava/61"
    },
    {
      "predicate": {
        "custom_model_data": 190062
      },
      "model": "nova:block/fluid/tank/lava/62"
    },
    {
      "predicate": {
        "custom_model_data": 190063
      },
      "model": "nova:block/fluid/tank/lava/63"
    },
    {
      "predicate": {
        "custom_model_data": 190064
      },
      "model": "nova:block/fluid/tank/lava/64"
    },
    {
      "predicate": {
        "custom_model_data": 190065
      },
      "model": "nova:block/fluid/tank/lava/65"
    },
    {
      "predicate": {
        "custom_model_data": 190066
      },
      "model": "nova:block/fluid/tank/lava/66"
    },
    {
      "predicate": {
        "custom_model_data": 190067
      },
      "model": "nova:block/fluid/tank/lava/67"
    },
    {
      "predicate": {
        "custom_model_data": 190068
      },
      "model": "nova:block/fluid/tank/lava/68"
    },
    {
      "predicate": {
        "custom_model_data": 190069
      },
      "model": "nova:block/fluid/tank/lava/69"
    },
    {
      "predicate": {
        "custom_model_data": 190070
      },
      "model": "nova:block/fluid/tank/lava/70"
    },
    {
      "predicate": {
        "custom_model_data": 190071
      },
      "model": "nova:block/fluid/tank/lava/71"
    },
    {
      "predicate": {
        "custom_model_data": 190072
      },
      "model": "nova:block/fluid/tank/lava/72"
    },
    {
      "predicate": {
        "custom_model_data": 190073
      },
      "model": "nova:block/fluid/tank/lava/73"
    },
    {
      "predicate": {
        "custom_model_data": 190074
      },
      "model": "nova:block/fluid/tank/lava/74"
    },
    {
      "predicate": {
        "custom_model_data": 190075
      },
      "model": "nova:block/fluid/tank/lava/75"
    },
    {
      "predicate": {
        "custom_model_data": 190076
      },
      "model": "nova:block/fluid/tank/lava/76"
    },
    {
      "predicate": {
        "custom_model_data": 190077
      },
      "model": "nova:block/fluid/tank/lava/77"
    },
    {
      "predicate": {
        "custom_model_data": 190078
      },
      "model": "nova:block/fluid/tank/lava/78"
    },
    {
      "predicate": {
        "custom_model_data": 190079
      },
      "model": "nova:block/fluid/tank/lava/79"
    },
    {
      "predicate": {
        "custom_model_data": 190080
      },
      "model": "nova:block/fluid/tank/lava/80"
    },
    {
      "predicate": {
        "custom_model_data": 190081
      },
      "model": "nova:block/fluid/tank/lava/81"
    },
    {
      "predicate": {
        "custom_model_data": 190082
      },
      "model": "nova:block/fluid/tank/lava/82"
    },
    {
      "predicate": {
        "custom_model_data": 190083
      },
      "model": "nova:block/fluid/tank/lava/83"
    },
    {
      "predicate": {
        "custom_model_data": 190084
      },
      "model": "nova:block/fluid/tank/lava/84"
    },
    {
      "predicate": {
        "custom_model_data": 190085
      },
      "model": "nova:block/fluid/tank/lava/85"
    },
    {
      "predicate": {
        "custom_model_data": 190086
      },
      "model": "nova:block/fluid/tank/lava/86"
    },
    {
      "predicate": {
        "custom_model_data": 190087
      },
      "model": "nova:block/fluid/tank/lava/87"
    },
    {
      "predicate": {
        "custom_model_data": 190088
      },
      "model": "nova:block/fluid/tank/lava/88"
    },
    {
      "predicate": {
        "custom_model_data": 190089
      },
      "model": "nova:block/fluid/tank/lava/89"
    },
    {
      "predicate": {
        "custom_model_data": 190090
      },
      "model": "nova:block/fluid/tank/lava/90"
    },
    {
      "predicate": {
        "custom_model_data": 190091
      },
      "model": "nova:block/fluid/tank/lava/91"
    },
    {
      "predicate": {
        "custom_model_data": 190092
      },
      "model": "nova:block/fluid/tank/lava/92"
    },
    {
      "predicate": {
        "custom_model_data": 190093
      },
      "model": "nova:block/fluid/tank/lava/93"
    },
    {
      "predicate": {
        "custom_model_data": 190094
      },
      "model": "nova:block/fluid/tank/lava/94"
    },
    {
      "predicate": {
        "custom_model_data": 190095
      },
      "model": "nova:block/fluid/tank/lava/95"
    },
    {
      "predicate": {
        "custom_model_data": 190096
      },
      "model": "nova:block/fluid/tank/lava/96"
    },
    {
      "predicate": {
        "custom_model_data": 190097
      },
      "model": "nova:block/fluid/tank/lava/97"
    },
    {
      "predicate": {
        "custom_model_data": 190098
      },
      "model": "nova:block/fluid/tank/lava/98"
    },
    {
      "predicate": {
        "custom_model_data": 190099
      },
      "model": "nova:block/fluid/tank/lava/99"
    },
    {
      "predicate": {
        "custom_model_data": 191000
      },
      "model": "nova:block/fluid/tank/water/0"
    },
    {
      "predicate": {
        "custom_model_data": 191001
      },
      "model": "nova:block/fluid/tank/water/1"
    },
    {
      "predicate": {
        "custom_model_data": 191002
      },
      "model": "nova:block/fluid/tank/water/2"
    },
    {
      "predicate": {
        "custom_model_data": 191003
      },
      "model": "nova:block/fluid/tank/water/3"
    },
    {
      "predicate": {
        "custom_model_data": 191004
      },
      "model": "nova:block/fluid/tank/water/4"
    },
    {
      "predicate": {
        "custom_model_data": 191005
      },
      "model": "nova:block/fluid/tank/water/5"
    },
    {
      "predicate": {
        "custom_model_data": 191006
      },
      "model": "nova:block/fluid/tank/water/6"
    },
    {
      "predicate": {
        "custom_model_data": 191007
      },
      "model": "nova:block/fluid/tank/water/7"
    },
    {
      "predicate": {
        "custom_model_data": 191008
      },
      "model": "nova:block/fluid/tank/water/8"
    },
    {
      "predicate": {
        "custom_model_data": 191009
      },
      "model": "nova:block/fluid/tank/water/9"
    },
    {
      "predicate": {
        "custom_model_data": 191010
      },
      "model": "nova:block/fluid/tank/water/10"
    },
    {
      "predicate": {
        "custom_model_data": 191011
      },
      "model": "nova:block/fluid/tank/water/11"
    },
    {
      "predicate": {
        "custom_model_data": 191012
      },
      "model": "nova:block/fluid/tank/water/12"
    },
    {
      "predicate": {
        "custom_model_data": 191013
      },
      "model": "nova:block/fluid/tank/water/13"
    },
    {
      "predicate": {
        "custom_model_data": 191014
      },
      "model": "nova:block/fluid/tank/water/14"
    },
    {
      "predicate": {
        "custom_model_data": 191015
      },
      "model": "nova:block/fluid/tank/water/15"
    },
    {
      "predicate": {
        "custom_model_data": 191016
      },
      "model": "nova:block/fluid/tank/water/16"
    },
    {
      "predicate": {
        "custom_model_data": 191017
      },
      "model": "nova:block/fluid/tank/water/17"
    },
    {
      "predicate": {
        "custom_model_data": 191018
      },
      "model": "nova:block/fluid/tank/water/18"
    },
    {
      "predicate": {
        "custom_model_data": 191019
      },
      "model": "nova:block/fluid/tank/water/19"
    },
    {
      "predicate": {
        "custom_model_data": 191020
      },
      "model": "nova:block/fluid/tank/water/20"
    },
    {
      "predicate": {
        "custom_model_data": 191021
      },
      "model": "nova:block/fluid/tank/water/21"
    },
    {
      "predicate": {
        "custom_model_data": 191022
      },
      "model": "nova:block/fluid/tank/water/22"
    },
    {
      "predicate": {
        "custom_model_data": 191023
      },
      "model": "nova:block/fluid/tank/water/23"
    },
    {
      "predicate": {
        "custom_model_data": 191024
      },
      "model": "nova:block/fluid/tank/water/24"
    },
    {
      "predicate": {
        "custom_model_data": 191025
      },
      "model": "nova:block/fluid/tank/water/25"
    },
    {
      "predicate": {
        "custom_model_data": 191026
      },
      "model": "nova:block/fluid/tank/water/26"
    },
    {
      "predicate": {
        "custom_model_data": 191027
      },
      "model": "nova:block/fluid/tank/water/27"
    },
    {
      "predicate": {
        "custom_model_data": 191028
      },
      "model": "nova:block/fluid/tank/water/28"
    },
    {
      "predicate": {
        "custom_model_data": 191029
      },
      "model": "nova:block/fluid/tank/water/29"
    },
    {
      "predicate": {
        "custom_model_data": 191030
      },
      "model": "nova:block/fluid/tank/water/30"
    },
    {
      "predicate": {
        "custom_model_data": 191031
      },
      "model": "nova:block/fluid/tank/water/31"
    },
    {
      "predicate": {
        "custom_model_data": 191032
      },
      "model": "nova:block/fluid/tank/water/32"
    },
    {
      "predicate": {
        "custom_model_data": 191033
      },
      "model": "nova:block/fluid/tank/water/33"
    },
    {
      "predicate": {
        "custom_model_data": 191034
      },
      "model": "nova:block/fluid/tank/water/34"
    },
    {
      "predicate": {
        "custom_model_data": 191035
      },
      "model": "nova:block/fluid/tank/water/35"
    },
    {
      "predicate": {
        "custom_model_data": 191036
      },
      "model": "nova:block/fluid/tank/water/36"
    },
    {
      "predicate": {
        "custom_model_data": 191037
      },
      "model": "nova:block/fluid/tank/water/37"
    },
    {
      "predicate": {
        "custom_model_data": 191038
      },
      "model": "nova:block/fluid/tank/water/38"
    },
    {
      "predicate": {
        "custom_model_data": 191039
      },
      "model": "nova:block/fluid/tank/water/39"
    },
    {
      "predicate": {
        "custom_model_data": 191040
      },
      "model": "nova:block/fluid/tank/water/40"
    },
    {
      "predicate": {
        "custom_model_data": 191041
      },
      "model": "nova:block/fluid/tank/water/41"
    },
    {
      "predicate": {
        "custom_model_data": 191042
      },
      "model": "nova:block/fluid/tank/water/42"
    },
    {
      "predicate": {
        "custom_model_data": 191043
      },
      "model": "nova:block/fluid/tank/water/43"
    },
    {
      "predicate": {
        "custom_model_data": 191044
      },
      "model": "nova:block/fluid/tank/water/44"
    },
    {
      "predicate": {
        "custom_model_data": 191045
      },
      "model": "nova:block/fluid/tank/water/45"
    },
    {
      "predicate": {
        "custom_model_data": 191046
      },
      "model": "nova:block/fluid/tank/water/46"
    },
    {
      "predicate": {
        "custom_model_data": 191047
      },
      "model": "nova:block/fluid/tank/water/47"
    },
    {
      "predicate": {
        "custom_model_data": 191048
      },
      "model": "nova:block/fluid/tank/water/48"
    },
    {
      "predicate": {
        "custom_model_data": 191049
      },
      "model": "nova:block/fluid/tank/water/49"
    },
    {
      "predicate": {
        "custom_model_data": 191050
      },
      "model": "nova:block/fluid/tank/water/50"
    },
    {
      "predicate": {
        "custom_model_data": 191051
      },
      "model": "nova:block/fluid/tank/water/51"
    },
    {
      "predicate": {
        "custom_model_data": 191052
      },
      "model": "nova:block/fluid/tank/water/52"
    },
    {
      "predicate": {
        "custom_model_data": 191053
      },
      "model": "nova:block/fluid/tank/water/53"
    },
    {
      "predicate": {
        "custom_model_data": 191054
      },
      "model": "nova:block/fluid/tank/water/54"
    },
    {
      "predicate": {
        "custom_model_data": 191055
      },
      "model": "nova:block/fluid/tank/water/55"
    },
    {
      "predicate": {
        "custom_model_data": 191056
      },
      "model": "nova:block/fluid/tank/water/56"
    },
    {
      "predicate": {
        "custom_model_data": 191057
      },
      "model": "nova:block/fluid/tank/water/57"
    },
    {
      "predicate": {
        "custom_model_data": 191058
      },
      "model": "nova:block/fluid/tank/water/58"
    },
    {
      "predicate": {
        "custom_model_data": 191059
      },
      "model": "nova:block/fluid/tank/water/59"
    },
    {
      "predicate": {
        "custom_model_data": 191060
      },
      "model": "nova:block/fluid/tank/water/60"
    },
    {
      "predicate": {
        "custom_model_data": 191061
      },
      "model": "nova:block/fluid/tank/water/61"
    },
    {
      "predicate": {
        "custom_model_data": 191062
      },
      "model": "nova:block/fluid/tank/water/62"
    },
    {
      "predicate": {
        "custom_model_data": 191063
      },
      "model": "nova:block/fluid/tank/water/63"
    },
    {
      "predicate": {
        "custom_model_data": 191064
      },
      "model": "nova:block/fluid/tank/water/64"
    },
    {
      "predicate": {
        "custom_model_data": 191065
      },
      "model": "nova:block/fluid/tank/water/65"
    },
    {
      "predicate": {
        "custom_model_data": 191066
      },
      "model": "nova:block/fluid/tank/water/66"
    },
    {
      "predicate": {
        "custom_model_data": 191067
      },
      "model": "nova:block/fluid/tank/water/67"
    },
    {
      "predicate": {
        "custom_model_data": 191068
      },
      "model": "nova:block/fluid/tank/water/68"
    },
    {
      "predicate": {
        "custom_model_data": 191069
      },
      "model": "nova:block/fluid/tank/water/69"
    },
    {
      "predicate": {
        "custom_model_data": 191070
      },
      "model": "nova:block/fluid/tank/water/70"
    },
    {
      "predicate": {
        "custom_model_data": 191071
      },
      "model": "nova:block/fluid/tank/water/71"
    },
    {
      "predicate": {
        "custom_model_data": 191072
      },
      "model": "nova:block/fluid/tank/water/72"
    },
    {
      "predicate": {
        "custom_model_data": 191073
      },
      "model": "nova:block/fluid/tank/water/73"
    },
    {
      "predicate": {
        "custom_model_data": 191074
      },
      "model": "nova:block/fluid/tank/water/74"
    },
    {
      "predicate": {
        "custom_model_data": 191075
      },
      "model": "nova:block/fluid/tank/water/75"
    },
    {
      "predicate": {
        "custom_model_data": 191076
      },
      "model": "nova:block/fluid/tank/water/76"
    },
    {
      "predicate": {
        "custom_model_data": 191077
      },
      "model": "nova:block/fluid/tank/water/77"
    },
    {
      "predicate": {
        "custom_model_data": 191078
      },
      "model": "nova:block/fluid/tank/water/78"
    },
    {
      "predicate": {
        "custom_model_data": 191079
      },
      "model": "nova:block/fluid/tank/water/79"
    },
    {
      "predicate": {
        "custom_model_data": 191080
      },
      "model": "nova:block/fluid/tank/water/80"
    },
    {
      "predicate": {
        "custom_model_data": 191081
      },
      "model": "nova:block/fluid/tank/water/81"
    },
    {
      "predicate": {
        "custom_model_data": 191082
      },
      "model": "nova:block/fluid/tank/water/82"
    },
    {
      "predicate": {
        "custom_model_data": 191083
      },
      "model": "nova:block/fluid/tank/water/83"
    },
    {
      "predicate": {
        "custom_model_data": 191084
      },
      "model": "nova:block/fluid/tank/water/84"
    },
    {
      "predicate": {
        "custom_model_data": 191085
      },
      "model": "nova:block/fluid/tank/water/85"
    },
    {
      "predicate": {
        "custom_model_data": 191086
      },
      "model": "nova:block/fluid/tank/water/86"
    },
    {
      "predicate": {
        "custom_model_data": 191087
      },
      "model": "nova:block/fluid/tank/water/87"
    },
    {
      "predicate": {
        "custom_model_data": 191088
      },
      "model": "nova:block/fluid/tank/water/88"
    },
    {
      "predicate": {
        "custom_model_data": 191089
      },
      "model": "nova:block/fluid/tank/water/89"
    },
    {
      "predicate": {
        "custom_model_data": 191090
      },
      "model": "nova:block/fluid/tank/water/90"
    },
    {
      "predicate": {
        "custom_model_data": 191091
      },
      "model": "nova:block/fluid/tank/water/91"
    },
    {
      "predicate": {
        "custom_model_data": 191092
      },
      "model": "nova:block/fluid/tank/water/92"
    },
    {
      "predicate": {
        "custom_model_data": 191093
      },
      "model": "nova:block/fluid/tank/water/93"
    },
    {
      "predicate": {
        "custom_model_data": 191094
      },
      "model": "nova:block/fluid/tank/water/94"
    },
    {
      "predicate": {
        "custom_model_data": 191095
      },
      "model": "nova:block/fluid/tank/water/95"
    },
    {
      "predicate": {
        "custom_model_data": 191096
      },
      "model": "nova:block/fluid/tank/water/96"
    },
    {
      "predicate": {
        "custom_model_data": 191097
      },
      "model": "nova:block/fluid/tank/water/97"
    },
    {
      "predicate": {
        "custom_model_data": 191098
      },
      "model": "nova:block/fluid/tank/water/98"
    },
    {
      "predicate": {
        "custom_model_data": 191099
      },
      "model": "nova:block/fluid/tank/water/99"
    },
    {
      "predicate": {
        "custom_model_data": 192000
      },
      "model": "nova:block/fluid/cobblestone_generator/lava/0"
    },
    {
      "predicate": {
        "custom_model_data": 192001
      },
      "model": "nova:block/fluid/cobblestone_generator/lava/1"
    },
    {
      "predicate": {
        "custom_model_data": 192002
      },
      "model": "nova:block/fluid/cobblestone_generator/lava/2"
    },
    {
      "predicate": {
        "custom_model_data": 192003
      },
      "model": "nova:block/fluid/cobblestone_generator/lava/3"
    },
    {
      "predicate": {
        "custom_model_data": 192004
      },
      "model": "nova:block/fluid/cobblestone_generator/lava/4"
    },
    {
      "predicate": {
        "custom_model_data": 192005
      },
      "model": "nova:block/fluid/cobblestone_generator/lava/5"
    },
    {
      "predicate": {
        "custom_model_data": 192006
      },
      "model": "nova:block/fluid/cobblestone_generator/lava/6"
    },
    {
      "predicate": {
        "custom_model_data": 192007
      },
      "model": "nova:block/fluid/cobblestone_generator/lava/7"
    },
    {
      "predicate": {
        "custom_model_data": 192008
      },
      "model": "nova:block/fluid/cobblestone_generator/lava/8"
    },
    {
      "predicate": {
        "custom_model_data": 192009
      },
      "model": "nova:block/fluid/cobblestone_generator/lava/9"
    },
    {
      "predicate": {
        "custom_model_data": 192010
      },
      "model": "nova:block/fluid/cobblestone_generator/lava/10"
    },
    {
      "predicate": {
        "custom_model_data": 192011
      },
      "model": "nova:block/fluid/cobblestone_generator/lava/11"
    },
    {
      "predicate": {
        "custom_model_data": 192012
      },
      "model": "nova:block/fluid/cobblestone_generator/lava/12"
    },
    {
      "predicate": {
        "custom_model_data": 192013
      },
      "model": "nova:block/fluid/cobblestone_generator/lava/13"
    },
    {
      "predicate": {
        "custom_model_data": 192014
      },
      "model": "nova:block/fluid/cobblestone_generator/lava/14"
    },
    {
      "predicate": {
        "custom_model_data": 192015
      },
      "model": "nova:block/fluid/cobblestone_generator/lava/15"
    },
    {
      "predicate": {
        "custom_model_data": 192016
      },
      "model": "nova:block/fluid/cobblestone_generator/lava/16"
    },
    {
      "predicate": {
        "custom_model_data": 192017
      },
      "model": "nova:block/fluid/cobblestone_generator/lava/17"
    },
    {
      "predicate": {
        "custom_model_data": 192018
      },
      "model": "nova:block/fluid/cobblestone_generator/lava/18"
    },
    {
      "predicate": {
        "custom_model_data": 192019
      },
      "model": "nova:block/fluid/cobblestone_generator/lava/19"
    },
    {
      "predicate": {
        "custom_model_data": 192020
      },
      "model": "nova:block/fluid/cobblestone_generator/lava/20"
    },
    {
      "predicate": {
        "custom_model_data": 192021
      },
      "model": "nova:block/fluid/cobblestone_generator/lava/21"
    },
    {
      "predicate": {
        "custom_model_data": 192022
      },
      "model": "nova:block/fluid/cobblestone_generator/lava/22"
    },
    {
      "predicate": {
        "custom_model_data": 192023
      },
      "model": "nova:block/fluid/cobblestone_generator/lava/23"
    },
    {
      "predicate": {
        "custom_model_data": 192024
      },
      "model": "nova:block/fluid/cobblestone_generator/lava/24"
    },
    {
      "predicate": {
        "custom_model_data": 192025
      },
      "model": "nova:block/fluid/cobblestone_generator/lava/25"
    },
    {
      "predicate": {
        "custom_model_data": 192026
      },
      "model": "nova:block/fluid/cobblestone_generator/lava/26"
    },
    {
      "predicate": {
        "custom_model_data": 192027
      },
      "model": "nova:block/fluid/cobblestone_generator/lava/27"
    },
    {
      "predicate": {
        "custom_model_data": 192028
      },
      "model": "nova:block/fluid/cobblestone_generator/lava/28"
    },
    {
      "predicate": {
        "custom_model_data": 192029
      },
      "model": "nova:block/fluid/cobblestone_generator/lava/29"
    },
    {
      "predicate": {
        "custom_model_data": 192030
      },
      "model": "nova:block/fluid/cobblestone_generator/lava/30"
    },
    {
      "predicate": {
        "custom_model_data": 192031
      },
      "model": "nova:block/fluid/cobblestone_generator/lava/31"
    },
    {
      "predicate": {
        "custom_model_data": 192032
      },
      "model": "nova:block/fluid/cobblestone_generator/lava/32"
    },
    {
      "predicate": {
        "custom_model_data": 192033
      },
      "model": "nova:block/fluid/cobblestone_generator/lava/33"
    },
    {
      "predicate": {
        "custom_model_data": 192034
      },
      "model": "nova:block/fluid/cobblestone_generator/lava/34"
    },
    {
      "predicate": {
        "custom_model_data": 192035
      },
      "model": "nova:block/fluid/cobblestone_generator/lava/35"
    },
    {
      "predicate": {
        "custom_model_data": 192036
      },
      "model": "nova:block/fluid/cobblestone_generator/lava/36"
    },
    {
      "predicate": {
        "custom_model_data": 192037
      },
      "model": "nova:block/fluid/cobblestone_generator/lava/37"
    },
    {
      "predicate": {
        "custom_model_data": 192038
      },
      "model": "nova:block/fluid/cobblestone_generator/lava/38"
    },
    {
      "predicate": {
        "custom_model_data": 192039
      },
      "model": "nova:block/fluid/cobblestone_generator/lava/39"
    },
    {
      "predicate": {
        "custom_model_data": 192040
      },
      "model": "nova:block/fluid/cobblestone_generator/lava/40"
    },
    {
      "predicate": {
        "custom_model_data": 192041
      },
      "model": "nova:block/fluid/cobblestone_generator/lava/41"
    },
    {
      "predicate": {
        "custom_model_data": 192042
      },
      "model": "nova:block/fluid/cobblestone_generator/lava/42"
    },
    {
      "predicate": {
        "custom_model_data": 192043
      },
      "model": "nova:block/fluid/cobblestone_generator/lava/43"
    },
    {
      "predicate": {
        "custom_model_data": 192044
      },
      "model": "nova:block/fluid/cobblestone_generator/lava/44"
    },
    {
      "predicate": {
        "custom_model_data": 192045
      },
      "model": "nova:block/fluid/cobblestone_generator/lava/45"
    },
    {
      "predicate": {
        "custom_model_data": 192046
      },
      "model": "nova:block/fluid/cobblestone_generator/lava/46"
    },
    {
      "predicate": {
        "custom_model_data": 192047
      },
      "model": "nova:block/fluid/cobblestone_generator/lava/47"
    },
    {
      "predicate": {
        "custom_model_data": 192048
      },
      "model": "nova:block/fluid/cobblestone_generator/lava/48"
    },
    {
      "predicate": {
        "custom_model_data": 192049
      },
      "model": "nova:block/fluid/cobblestone_generator/lava/49"
    },
    {
      "predicate": {
        "custom_model_data": 192050
      },
      "model": "nova:block/fluid/cobblestone_generator/lava/50"
    },
    {
      "predicate": {
        "custom_model_data": 192051
      },
      "model": "nova:block/fluid/cobblestone_generator/lava/51"
    },
    {
      "predicate": {
        "custom_model_data": 192052
      },
      "model": "nova:block/fluid/cobblestone_generator/lava/52"
    },
    {
      "predicate": {
        "custom_model_data": 192053
      },
      "model": "nova:block/fluid/cobblestone_generator/lava/53"
    },
    {
      "predicate": {
        "custom_model_data": 192054
      },
      "model": "nova:block/fluid/cobblestone_generator/lava/54"
    },
    {
      "predicate": {
        "custom_model_data": 192055
      },
      "model": "nova:block/fluid/cobblestone_generator/lava/55"
    },
    {
      "predicate": {
        "custom_model_data": 192056
      },
      "model": "nova:block/fluid/cobblestone_generator/lava/56"
    },
    {
      "predicate": {
        "custom_model_data": 192057
      },
      "model": "nova:block/fluid/cobblestone_generator/lava/57"
    },
    {
      "predicate": {
        "custom_model_data": 192058
      },
      "model": "nova:block/fluid/cobblestone_generator/lava/58"
    },
    {
      "predicate": {
        "custom_model_data": 192059
      },
      "model": "nova:block/fluid/cobblestone_generator/lava/59"
    },
    {
      "predicate": {
        "custom_model_data": 192060
      },
      "model": "nova:block/fluid/cobblestone_generator/lava/60"
    },
    {
      "predicate": {
        "custom_model_data": 192061
      },
      "model": "nova:block/fluid/cobblestone_generator/lava/61"
    },
    {
      "predicate": {
        "custom_model_data": 192062
      },
      "model": "nova:block/fluid/cobblestone_generator/lava/62"
    },
    {
      "predicate": {
        "custom_model_data": 192063
      },
      "model": "nova:block/fluid/cobblestone_generator/lava/63"
    },
    {
      "predicate": {
        "custom_model_data": 192064
      },
      "model": "nova:block/fluid/cobblestone_generator/lava/64"
    },
    {
      "predicate": {
        "custom_model_data": 192065
      },
      "model": "nova:block/fluid/cobblestone_generator/lava/65"
    },
    {
      "predicate": {
        "custom_model_data": 192066
      },
      "model": "nova:block/fluid/cobblestone_generator/lava/66"
    },
    {
      "predicate": {
        "custom_model_data": 192067
      },
      "model": "nova:block/fluid/cobblestone_generator/lava/67"
    },
    {
      "predicate": {
        "custom_model_data": 192068
      },
      "model": "nova:block/fluid/cobblestone_generator/lava/68"
    },
    {
      "predicate": {
        "custom_model_data": 192069
      },
      "model": "nova:block/fluid/cobblestone_generator/lava/69"
    },
    {
      "predicate": {
        "custom_model_data": 192070
      },
      "model": "nova:block/fluid/cobblestone_generator/lava/70"
    },
    {
      "predicate": {
        "custom_model_data": 192071
      },
      "model": "nova:block/fluid/cobblestone_generator/lava/71"
    },
    {
      "predicate": {
        "custom_model_data": 192072
      },
      "model": "nova:block/fluid/cobblestone_generator/lava/72"
    },
    {
      "predicate": {
        "custom_model_data": 192073
      },
      "model": "nova:block/fluid/cobblestone_generator/lava/73"
    },
    {
      "predicate": {
        "custom_model_data": 192074
      },
      "model": "nova:block/fluid/cobblestone_generator/lava/74"
    },
    {
      "predicate": {
        "custom_model_data": 192075
      },
      "model": "nova:block/fluid/cobblestone_generator/lava/75"
    },
    {
      "predicate": {
        "custom_model_data": 192076
      },
      "model": "nova:block/fluid/cobblestone_generator/lava/76"
    },
    {
      "predicate": {
        "custom_model_data": 192077
      },
      "model": "nova:block/fluid/cobblestone_generator/lava/77"
    },
    {
      "predicate": {
        "custom_model_data": 192078
      },
      "model": "nova:block/fluid/cobblestone_generator/lava/78"
    },
    {
      "predicate": {
        "custom_model_data": 192079
      },
      "model": "nova:block/fluid/cobblestone_generator/lava/79"
    },
    {
      "predicate": {
        "custom_model_data": 192080
      },
      "model": "nova:block/fluid/cobblestone_generator/lava/80"
    },
    {
      "predicate": {
        "custom_model_data": 192081
      },
      "model": "nova:block/fluid/cobblestone_generator/lava/81"
    },
    {
      "predicate": {
        "custom_model_data": 192082
      },
      "model": "nova:block/fluid/cobblestone_generator/lava/82"
    },
    {
      "predicate": {
        "custom_model_data": 192083
      },
      "model": "nova:block/fluid/cobblestone_generator/lava/83"
    },
    {
      "predicate": {
        "custom_model_data": 192084
      },
      "model": "nova:block/fluid/cobblestone_generator/lava/84"
    },
    {
      "predicate": {
        "custom_model_data": 192085
      },
      "model": "nova:block/fluid/cobblestone_generator/lava/85"
    },
    {
      "predicate": {
        "custom_model_data": 192086
      },
      "model": "nova:block/fluid/cobblestone_generator/lava/86"
    },
    {
      "predicate": {
        "custom_model_data": 192087
      },
      "model": "nova:block/fluid/cobblestone_generator/lava/87"
    },
    {
      "predicate": {
        "custom_model_data": 192088
      },
      "model": "nova:block/fluid/cobblestone_generator/lava/88"
    },
    {
      "predicate": {
        "custom_model_data": 192089
      },
      "model": "nova:block/fluid/cobblestone_generator/lava/89"
    },
    {
      "predicate": {
        "custom_model_data": 192090
      },
      "model": "nova:block/fluid/cobblestone_generator/lava/90"
    },
    {
      "predicate": {
        "custom_model_data": 192091
      },
      "model": "nova:block/fluid/cobblestone_generator/lava/91"
    },
    {
      "predicate": {
        "custom_model_data": 192092
      },
      "model": "nova:block/fluid/cobblestone_generator/lava/92"
    },
    {
      "predicate": {
        "custom_model_data": 192093
      },
      "model": "nova:block/fluid/cobblestone_generator/lava/93"
    },
    {
      "predicate": {
        "custom_model_data": 192094
      },
      "model": "nova:block/fluid/cobblestone_generator/lava/94"
    },
    {
      "predicate": {
        "custom_model_data": 192095
      },
      "model": "nova:block/fluid/cobblestone_generator/lava/95"
    },
    {
      "predicate": {
        "custom_model_data": 192096
      },
      "model": "nova:block/fluid/cobblestone_generator/lava/96"
    },
    {
      "predicate": {
        "custom_model_data": 192097
      },
      "model": "nova:block/fluid/cobblestone_generator/lava/97"
    },
    {
      "predicate": {
        "custom_model_data": 192098
      },
      "model": "nova:block/fluid/cobblestone_generator/lava/98"
    },
    {
      "predicate": {
        "custom_model_data": 192099
      },
      "model": "nova:block/fluid/cobblestone_generator/lava/99"
    },
    {
      "predicate": {
        "custom_model_data": 193000
      },
      "model": "nova:block/fluid/cobblestone_generator/water/0"
    },
    {
      "predicate": {
        "custom_model_data": 193001
      },
      "model": "nova:block/fluid/cobblestone_generator/water/1"
    },
    {
      "predicate": {
        "custom_model_data": 193002
      },
      "model": "nova:block/fluid/cobblestone_generator/water/2"
    },
    {
      "predicate": {
        "custom_model_data": 193003
      },
      "model": "nova:block/fluid/cobblestone_generator/water/3"
    },
    {
      "predicate": {
        "custom_model_data": 193004
      },
      "model": "nova:block/fluid/cobblestone_generator/water/4"
    },
    {
      "predicate": {
        "custom_model_data": 193005
      },
      "model": "nova:block/fluid/cobblestone_generator/water/5"
    },
    {
      "predicate": {
        "custom_model_data": 193006
      },
      "model": "nova:block/fluid/cobblestone_generator/water/6"
    },
    {
      "predicate": {
        "custom_model_data": 193007
      },
      "model": "nova:block/fluid/cobblestone_generator/water/7"
    },
    {
      "predicate": {
        "custom_model_data": 193008
      },
      "model": "nova:block/fluid/cobblestone_generator/water/8"
    },
    {
      "predicate": {
        "custom_model_data": 193009
      },
      "model": "nova:block/fluid/cobblestone_generator/water/9"
    },
    {
      "predicate": {
        "custom_model_data": 193010
      },
      "model": "nova:block/fluid/cobblestone_generator/water/10"
    },
    {
      "predicate": {
        "custom_model_data": 193011
      },
      "model": "nova:block/fluid/cobblestone_generator/water/11"
    },
    {
      "predicate": {
        "custom_model_data": 193012
      },
      "model": "nova:block/fluid/cobblestone_generator/water/12"
    },
    {
      "predicate": {
        "custom_model_data": 193013
      },
      "model": "nova:block/fluid/cobblestone_generator/water/13"
    },
    {
      "predicate": {
        "custom_model_data": 193014
      },
      "model": "nova:block/fluid/cobblestone_generator/water/14"
    },
    {
      "predicate": {
        "custom_model_data": 193015
      },
      "model": "nova:block/fluid/cobblestone_generator/water/15"
    },
    {
      "predicate": {
        "custom_model_data": 193016
      },
      "model": "nova:block/fluid/cobblestone_generator/water/16"
    },
    {
      "predicate": {
        "custom_model_data": 193017
      },
      "model": "nova:block/fluid/cobblestone_generator/water/17"
    },
    {
      "predicate": {
        "custom_model_data": 193018
      },
      "model": "nova:block/fluid/cobblestone_generator/water/18"
    },
    {
      "predicate": {
        "custom_model_data": 193019
      },
      "model": "nova:block/fluid/cobblestone_generator/water/19"
    },
    {
      "predicate": {
        "custom_model_data": 193020
      },
      "model": "nova:block/fluid/cobblestone_generator/water/20"
    },
    {
      "predicate": {
        "custom_model_data": 193021
      },
      "model": "nova:block/fluid/cobblestone_generator/water/21"
    },
    {
      "predicate": {
        "custom_model_data": 193022
      },
      "model": "nova:block/fluid/cobblestone_generator/water/22"
    },
    {
      "predicate": {
        "custom_model_data": 193023
      },
      "model": "nova:block/fluid/cobblestone_generator/water/23"
    },
    {
      "predicate": {
        "custom_model_data": 193024
      },
      "model": "nova:block/fluid/cobblestone_generator/water/24"
    },
    {
      "predicate": {
        "custom_model_data": 193025
      },
      "model": "nova:block/fluid/cobblestone_generator/water/25"
    },
    {
      "predicate": {
        "custom_model_data": 193026
      },
      "model": "nova:block/fluid/cobblestone_generator/water/26"
    },
    {
      "predicate": {
        "custom_model_data": 193027
      },
      "model": "nova:block/fluid/cobblestone_generator/water/27"
    },
    {
      "predicate": {
        "custom_model_data": 193028
      },
      "model": "nova:block/fluid/cobblestone_generator/water/28"
    },
    {
      "predicate": {
        "custom_model_data": 193029
      },
      "model": "nova:block/fluid/cobblestone_generator/water/29"
    },
    {
      "predicate": {
        "custom_model_data": 193030
      },
      "model": "nova:block/fluid/cobblestone_generator/water/30"
    },
    {
      "predicate": {
        "custom_model_data": 193031
      },
      "model": "nova:block/fluid/cobblestone_generator/water/31"
    },
    {
      "predicate": {
        "custom_model_data": 193032
      },
      "model": "nova:block/fluid/cobblestone_generator/water/32"
    },
    {
      "predicate": {
        "custom_model_data": 193033
      },
      "model": "nova:block/fluid/cobblestone_generator/water/33"
    },
    {
      "predicate": {
        "custom_model_data": 193034
      },
      "model": "nova:block/fluid/cobblestone_generator/water/34"
    },
    {
      "predicate": {
        "custom_model_data": 193035
      },
      "model": "nova:block/fluid/cobblestone_generator/water/35"
    },
    {
      "predicate": {
        "custom_model_data": 193036
      },
      "model": "nova:block/fluid/cobblestone_generator/water/36"
    },
    {
      "predicate": {
        "custom_model_data": 193037
      },
      "model": "nova:block/fluid/cobblestone_generator/water/37"
    },
    {
      "predicate": {
        "custom_model_data": 193038
      },
      "model": "nova:block/fluid/cobblestone_generator/water/38"
    },
    {
      "predicate": {
        "custom_model_data": 193039
      },
      "model": "nova:block/fluid/cobblestone_generator/water/39"
    },
    {
      "predicate": {
        "custom_model_data": 193040
      },
      "model": "nova:block/fluid/cobblestone_generator/water/40"
    },
    {
      "predicate": {
        "custom_model_data": 193041
      },
      "model": "nova:block/fluid/cobblestone_generator/water/41"
    },
    {
      "predicate": {
        "custom_model_data": 193042
      },
      "model": "nova:block/fluid/cobblestone_generator/water/42"
    },
    {
      "predicate": {
        "custom_model_data": 193043
      },
      "model": "nova:block/fluid/cobblestone_generator/water/43"
    },
    {
      "predicate": {
        "custom_model_data": 193044
      },
      "model": "nova:block/fluid/cobblestone_generator/water/44"
    },
    {
      "predicate": {
        "custom_model_data": 193045
      },
      "model": "nova:block/fluid/cobblestone_generator/water/45"
    },
    {
      "predicate": {
        "custom_model_data": 193046
      },
      "model": "nova:block/fluid/cobblestone_generator/water/46"
    },
    {
      "predicate": {
        "custom_model_data": 193047
      },
      "model": "nova:block/fluid/cobblestone_generator/water/47"
    },
    {
      "predicate": {
        "custom_model_data": 193048
      },
      "model": "nova:block/fluid/cobblestone_generator/water/48"
    },
    {
      "predicate": {
        "custom_model_data": 193049
      },
      "model": "nova:block/fluid/cobblestone_generator/water/49"
    },
    {
      "predicate": {
        "custom_model_data": 193050
      },
      "model": "nova:block/fluid/cobblestone_generator/water/50"
    },
    {
      "predicate": {
        "custom_model_data": 193051
      },
      "model": "nova:block/fluid/cobblestone_generator/water/51"
    },
    {
      "predicate": {
        "custom_model_data": 193052
      },
      "model": "nova:block/fluid/cobblestone_generator/water/52"
    },
    {
      "predicate": {
        "custom_model_data": 193053
      },
      "model": "nova:block/fluid/cobblestone_generator/water/53"
    },
    {
      "predicate": {
        "custom_model_data": 193054
      },
      "model": "nova:block/fluid/cobblestone_generator/water/54"
    },
    {
      "predicate": {
        "custom_model_data": 193055
      },
      "model": "nova:block/fluid/cobblestone_generator/water/55"
    },
    {
      "predicate": {
        "custom_model_data": 193056
      },
      "model": "nova:block/fluid/cobblestone_generator/water/56"
    },
    {
      "predicate": {
        "custom_model_data": 193057
      },
      "model": "nova:block/fluid/cobblestone_generator/water/57"
    },
    {
      "predicate": {
        "custom_model_data": 193058
      },
      "model": "nova:block/fluid/cobblestone_generator/water/58"
    },
    {
      "predicate": {
        "custom_model_data": 193059
      },
      "model": "nova:block/fluid/cobblestone_generator/water/59"
    },
    {
      "predicate": {
        "custom_model_data": 193060
      },
      "model": "nova:block/fluid/cobblestone_generator/water/60"
    },
    {
      "predicate": {
        "custom_model_data": 193061
      },
      "model": "nova:block/fluid/cobblestone_generator/water/61"
    },
    {
      "predicate": {
        "custom_model_data": 193062
      },
      "model": "nova:block/fluid/cobblestone_generator/water/62"
    },
    {
      "predicate": {
        "custom_model_data": 193063
      },
      "model": "nova:block/fluid/cobblestone_generator/water/63"
    },
    {
      "predicate": {
        "custom_model_data": 193064
      },
      "model": "nova:block/fluid/cobblestone_generator/water/64"
    },
    {
      "predicate": {
        "custom_model_data": 193065
      },
      "model": "nova:block/fluid/cobblestone_generator/water/65"
    },
    {
      "predicate": {
        "custom_model_data": 193066
      },
      "model": "nova:block/fluid/cobblestone_generator/water/66"
    },
    {
      "predicate": {
        "custom_model_data": 193067
      },
      "model": "nova:block/fluid/cobblestone_generator/water/67"
    },
    {
      "predicate": {
        "custom_model_data": 193068
      },
      "model": "nova:block/fluid/cobblestone_generator/water/68"
    },
    {
      "predicate": {
        "custom_model_data": 193069
      },
      "model": "nova:block/fluid/cobblestone_generator/water/69"
    },
    {
      "predicate": {
        "custom_model_data": 193070
      },
      "model": "nova:block/fluid/cobblestone_generator/water/70"
    },
    {
      "predicate": {
        "custom_model_data": 193071
      },
      "model": "nova:block/fluid/cobblestone_generator/water/71"
    },
    {
      "predicate": {
        "custom_model_data": 193072
      },
      "model": "nova:block/fluid/cobblestone_generator/water/72"
    },
    {
      "predicate": {
        "custom_model_data": 193073
      },
      "model": "nova:block/fluid/cobblestone_generator/water/73"
    },
    {
      "predicate": {
        "custom_model_data": 193074
      },
      "model": "nova:block/fluid/cobblestone_generator/water/74"
    },
    {
      "predicate": {
        "custom_model_data": 193075
      },
      "model": "nova:block/fluid/cobblestone_generator/water/75"
    },
    {
      "predicate": {
        "custom_model_data": 193076
      },
      "model": "nova:block/fluid/cobblestone_generator/water/76"
    },
    {
      "predicate": {
        "custom_model_data": 193077
      },
      "model": "nova:block/fluid/cobblestone_generator/water/77"
    },
    {
      "predicate": {
        "custom_model_data": 193078
      },
      "model": "nova:block/fluid/cobblestone_generator/water/78"
    },
    {
      "predicate": {
        "custom_model_data": 193079
      },
      "model": "nova:block/fluid/cobblestone_generator/water/79"
    },
    {
      "predicate": {
        "custom_model_data": 193080
      },
      "model": "nova:block/fluid/cobblestone_generator/water/80"
    },
    {
      "predicate": {
        "custom_model_data": 193081
      },
      "model": "nova:block/fluid/cobblestone_generator/water/81"
    },
    {
      "predicate": {
        "custom_model_data": 193082
      },
      "model": "nova:block/fluid/cobblestone_generator/water/82"
    },
    {
      "predicate": {
        "custom_model_data": 193083
      },
      "model": "nova:block/fluid/cobblestone_generator/water/83"
    },
    {
      "predicate": {
        "custom_model_data": 193084
      },
      "model": "nova:block/fluid/cobblestone_generator/water/84"
    },
    {
      "predicate": {
        "custom_model_data": 193085
      },
      "model": "nova:block/fluid/cobblestone_generator/water/85"
    },
    {
      "predicate": {
        "custom_model_data": 193086
      },
      "model": "nova:block/fluid/cobblestone_generator/water/86"
    },
    {
      "predicate": {
        "custom_model_data": 193087
      },
      "model": "nova:block/fluid/cobblestone_generator/water/87"
    },
    {
      "predicate": {
        "custom_model_data": 193088
      },
      "model": "nova:block/fluid/cobblestone_generator/water/88"
    },
    {
      "predicate": {
        "custom_model_data": 193089
      },
      "model": "nova:block/fluid/cobblestone_generator/water/89"
    },
    {
      "predicate": {
        "custom_model_data": 193090
      },
      "model": "nova:block/fluid/cobblestone_generator/water/90"
    },
    {
      "predicate": {
        "custom_model_data": 193091
      },
      "model": "nova:block/fluid/cobblestone_generator/water/91"
    },
    {
      "predicate": {
        "custom_model_data": 193092
      },
      "model": "nova:block/fluid/cobblestone_generator/water/92"
    },
    {
      "predicate": {
        "custom_model_data": 193093
      },
      "model": "nova:block/fluid/cobblestone_generator/water/93"
    },
    {
      "predicate": {
        "custom_model_data": 193094
      },
      "model": "nova:block/fluid/cobblestone_generator/water/94"
    },
    {
      "predicate": {
        "custom_model_data": 193095
      },
      "model": "nova:block/fluid/cobblestone_generator/water/95"
    },
    {
      "predicate": {
        "custom_model_data": 193096
      },
      "model": "nova:block/fluid/cobblestone_generator/water/96"
    },
    {
      "predicate": {
        "custom_model_data": 193097
      },
      "model": "nova:block/fluid/cobblestone_generator/water/97"
    },
    {
      "predicate": {
        "custom_model_data": 193098
      },
      "model": "nova:block/fluid/cobblestone_generator/water/98"
    },
    {
      "predicate": {
        "custom_model_data": 193099
      },
      "model": "nova:block/fluid/cobblestone_generator/water/99"
    }
  ]
}