{
    "providers": [
		
        {"type": "bitmap", "file": "elitemobs:gui/ranksmenu", "ascent": 136, "height": 256, "chars":["򴋺"]},
        {"type": "bitmap", "file": "elitemobs:gui/repairmenu", "ascent": 136, "height": 256, "chars":["󰀪"]},
        {"type": "bitmap", "file": "elitemobs:gui/scrappermenu", "ascent": 136, "height": 256, "chars":["󰀫"]},
        {"type": "bitmap", "file": "elitemobs:gui/refinemenu", "ascent": 136, "height": 256, "chars":["󰀻"]},
        {"type": "bitmap", "file": "elitemobs:gui/smeltmenu", "ascent": 136, "height": 256, "chars":["󰁋"]},
        {"type": "bitmap", "file": "elitemobs:gui/sellmenu", "ascent": 136, "height": 256, "chars":["󰁛"]},
        {"type": "bitmap", "file": "elitemobs:gui/proceduralitemshop", "ascent": 136, "height": 256, "chars":["󰁫"]},
        {"type": "bitmap", "file": "elitemobs:gui/customitemshop", "ascent": 136, "height": 256, "chars":["󰁻"]},
        {"type": "bitmap", "file": "elitemobs:gui/buyorsell", "ascent": 136, "height": 256, "chars":["󰂋"]},
        {"type": "bitmap", "file": "elitemobs:gui/unbind", "ascent": 136, "height": 256, "chars":["󰂛"]},
        {"type": "bitmap", "file": "elitemobs:gui/arenamenu", "ascent": 136, "height": 256, "chars":["󰄋"]},

		
        {
            "type": "bitmap",
            "file": "elitemobs:ui/space_split",
            "ascent": -32768,
            "height": -19,
            "chars": [
                "\uF801"
            ]
        },

        {
            "type": "bitmap",
            "file": "elitemobs:ui/space_split",
            "ascent": -32768,
            "height": -185,
            "chars": [
                "\uF805"
            ]
        }
		
		
    ]
}
