{
	"parent": "nova:block_base",
	"textures": {
		"1": "nova:block/cable/attachment"
	},
	"elements": [
		{
			"from": [2, 15, 2],
			"to": [14, 16, 14],
			"rotation": {"angle": 0, "axis": "x", "origin": [8, 8, 8]},
			"faces": {
				"north": {"uv": [2, 2, 14, 3], "texture": "#1"},
				"east": {"uv": [2, 2, 3, 14], "rotation": 90, "texture": "#1"},
				"south": {"uv": [2, 13, 14, 14], "rotation": 180, "texture": "#1"},
				"west": {"uv": [13, 2, 14, 14], "rotation": 270, "texture": "#1"},
				"up": {"uv": [2, 2, 14, 14], "texture": "#1"},
				"down": {"uv": [2, 2, 14, 14], "rotation": 180, "texture": "#1"}
			}
		},
		{
			"from": [5, 14, 5],
			"to": [11, 15, 11],
			"rotation": {"angle": 0, "axis": "x", "origin": [8, 8, 8]},
			"faces": {
				"north": {"uv": [5, 3, 11, 4], "texture": "#1"},
				"east": {"uv": [3, 5, 4, 11], "rotation": 90, "texture": "#1"},
				"south": {"uv": [5, 13, 11, 14], "rotation": 180, "texture": "#1"},
				"west": {"uv": [12, 5, 13, 11], "rotation": 270, "texture": "#1"},
				"down": {"uv": [4, 4, 12, 12], "rotation": 180, "texture": "#1"}
			}
		},
		{
			"from": [6.5, 11, 6.5],
			"to": [9.5, 14, 9.5],
			"rotation": {"angle": 0, "axis": "x", "origin": [8, 8, 8]},
			"faces": {
				"north": {"uv": [0, 0, 7.5, 7.5], "texture": "#2"},
				"east": {"uv": [0, 0, 7.5, 7.5], "texture": "#2"},
				"south": {"uv": [0, 0, 7.5, 7.5], "texture": "#2"},
				"west": {"uv": [0, 0, 7.5, 7.5], "texture": "#2"},
				"down": {"uv": [0, 6, 2, 8], "rotation": 180, "texture": "#2"}
			}
		}
	]
}