{
  "parent": "minecraft:item/generated",
  "textures": {
    "layer0": "minecraft:block/black_stained_glass"
  },

    "overrides": [
    { "predicate": { "custom_model_data": 1}, "model": "item/icons/anvil_overlay_arrow" },
    { "predicate": { "custom_model_data": 2}, "model": "item/icons/anvil_overlay_arrow_left" },
    { "predicate": { "custom_model_data": 3}, "model": "item/icons/anvil_overlay_plus" },
    { "predicate": { "custom_model_data": 4}, "model": "item/icons/arrow_1_down" },
    { "predicate": { "custom_model_data": 5}, "model": "item/icons/arrow_1_left" },
    { "predicate": { "custom_model_data": 6}, "model": "item/icons/arrow_1_right" },
    { "predicate": { "custom_model_data": 7}, "model": "item/icons/arrow_1_up" },
    { "predicate": { "custom_model_data": 8}, "model": "item/icons/arrow_2_down" },
    { "predicate": { "custom_model_data": 9}, "model": "item/icons/arrow_2_left" },
    { "predicate": { "custom_model_data": 10}, "model": "item/icons/arrow_2_right" },
    { "predicate": { "custom_model_data": 11}, "model": "item/icons/arrow_2_up" },
    { "predicate": { "custom_model_data": 12}, "model": "item/icons/box" },
    { "predicate": { "custom_model_data": 13}, "model": "item/icons/checkbox" },
    { "predicate": { "custom_model_data": 14}, "model": "item/icons/checkbox_checked" },
    { "predicate": { "custom_model_data": 15}, "model": "item/icons/checkmark" },
    { "predicate": { "custom_model_data": 16}, "model": "item/icons/circle" },
    { "predicate": { "custom_model_data": 17}, "model": "item/icons/corner_bottom_left" },
    { "predicate": { "custom_model_data": 18}, "model": "item/icons/corner_bottom_right" },
    { "predicate": { "custom_model_data": 19}, "model": "item/icons/corner_top_left" },
    { "predicate": { "custom_model_data": 20}, "model": "item/icons/corner_top_right" },
    { "predicate": { "custom_model_data": 21}, "model": "item/icons/green_checkmark" },
    { "predicate": { "custom_model_data": 22}, "model": "item/icons/horizontal_dots" },
    { "predicate": { "custom_model_data": 23}, "model": "item/icons/horizontal_down" },
    { "predicate": { "custom_model_data": 24}, "model": "item/icons/horizontal_line" },
    { "predicate": { "custom_model_data": 25}, "model": "item/icons/inventory_part" },
    { "predicate": { "custom_model_data": 27}, "model": "item/icons/lens" },
    { "predicate": { "custom_model_data": 28}, "model": "item/icons/light_arrow_1_down" },
    { "predicate": { "custom_model_data": 29}, "model": "item/icons/light_arrow_1_left" },
    { "predicate": { "custom_model_data": 30}, "model": "item/icons/light_arrow_1_right" },
    { "predicate": { "custom_model_data": 31}, "model": "item/icons/light_arrow_1_up" },
    { "predicate": { "custom_model_data": 32}, "model": "item/icons/light_arrow_2_down" },
    { "predicate": { "custom_model_data": 33}, "model": "item/icons/light_arrow_2_left" },
    { "predicate": { "custom_model_data": 34}, "model": "item/icons/light_arrow_2_right" },
    { "predicate": { "custom_model_data": 35}, "model": "item/icons/light_arrow_2_up" },
    { "predicate": { "custom_model_data": 36}, "model": "item/icons/light_box" },
    { "predicate": { "custom_model_data": 37}, "model": "item/icons/light_checkbox" },
    { "predicate": { "custom_model_data": 38}, "model": "item/icons/light_checkbox_checked" },
    { "predicate": { "custom_model_data": 39}, "model": "item/icons/light_checkmark" },
    { "predicate": { "custom_model_data": 40}, "model": "item/icons/light_circle" },
    { "predicate": { "custom_model_data": 41}, "model": "item/icons/light_corner_bottom_left" },
    { "predicate": { "custom_model_data": 42}, "model": "item/icons/light_corner_bottom_right" },
    { "predicate": { "custom_model_data": 43}, "model": "item/icons/light_corner_top_left" },
    { "predicate": { "custom_model_data": 44}, "model": "item/icons/light_corner_top_right" },
    { "predicate": { "custom_model_data": 45}, "model": "item/icons/light_horizontal_dots" },
    { "predicate": { "custom_model_data": 46}, "model": "item/icons/light_horizontal_down" },
    { "predicate": { "custom_model_data": 47}, "model": "item/icons/light_horizontal_line" },
    { "predicate": { "custom_model_data": 48}, "model": "item/icons/light_horizontal_up" },
    { "predicate": { "custom_model_data": 49}, "model": "item/icons/light_lens" },
    { "predicate": { "custom_model_data": 50}, "model": "item/icons/light_refresh" },
    { "predicate": { "custom_model_data": 51}, "model": "item/icons/light_refresh_animated" },
    { "predicate": { "custom_model_data": 52}, "model": "item/icons/light_vertical_dots" },
    { "predicate": { "custom_model_data": 53}, "model": "item/icons/light_vertical_horizontal" },
    { "predicate": { "custom_model_data": 54}, "model": "item/icons/light_vertical_left" },
    { "predicate": { "custom_model_data": 55}, "model": "item/icons/light_vertical_line" },
    { "predicate": { "custom_model_data": 56}, "model": "item/icons/light_vertical_right" },
    { "predicate": { "custom_model_data": 57}, "model": "item/icons/light_x" },
    { "predicate": { "custom_model_data": 58}, "model": "item/icons/red_x" },
    { "predicate": { "custom_model_data": 59}, "model": "item/icons/refresh" },
    { "predicate": { "custom_model_data": 60}, "model": "item/icons/refresh_animated" },
    { "predicate": { "custom_model_data": 61}, "model": "item/icons/template" },
    { "predicate": { "custom_model_data": 62}, "model": "item/icons/vertical_dots" },
    { "predicate": { "custom_model_data": 63}, "model": "item/icons/vertical_horizontal" },
    { "predicate": { "custom_model_data": 64}, "model": "item/icons/vertical_left" },
    { "predicate": { "custom_model_data": 65}, "model": "item/icons/vertical_line" },
    { "predicate": { "custom_model_data": 66}, "model": "item/icons/vertical_right" },
    { "predicate": { "custom_model_data": 67}, "model": "item/icons/x" }
  ]
}