{"textures":{"0":"modelengine:entity/water_elemental_texture"},"elements":[{"from":[7.3142858,-0.14285755,6.0],"to":[9.085714,0.9999995,10.0],"rotation":{"angle":-22.5,"axis":"z","origin":[3.4285712,-1.7142859,8.0]},"faces":{"east":{"uv":[8.875,8.0,9.75,8.25],"rotation":0,"texture":"#0","tintindex":0},"south":{"uv":[3.375,7.375,3.75,7.625],"rotation":0,"texture":"#0","tintindex":0},"north":{"uv":[7.0,1.25,7.375,1.5],"rotation":0,"texture":"#0","tintindex":0},"west":{"uv":[8.25,8.875,9.125,9.125],"rotation":0,"texture":"#0","tintindex":0},"up":{"uv":[5.25,8.875,4.875,8.0],"rotation":0,"texture":"#0","tintindex":0},"down":{"uv":[5.625,8.0,5.25,8.875],"rotation":0,"texture":"#0","tintindex":0}}},{"from":[8.571428,-4.5714293,6.0],"to":[10.285714,-3.4285717,10.0],"rotation":{"angle":22.5,"axis":"z","origin":[3.4285712,-1.7142859,8.0]},"faces":{"east":{"uv":[0.0,6.5,0.875,6.75],"rotation":0,"texture":"#0","tintindex":0},"south":{"uv":[6.875,6.5,7.25,6.75],"rotation":0,"texture":"#0","tintindex":0},"north":{"uv":[6.5,5.875,6.875,6.125],"rotation":0,"texture":"#0","tintindex":0},"west":{"uv":[8.875,6.625,9.75,6.875],"rotation":0,"texture":"#0","tintindex":0},"up":{"uv":[8.375,2.625,8.0,1.75],"rotation":0,"texture":"#0","tintindex":0},"down":{"uv":[4.875,8.0,4.5,8.875],"rotation":0,"texture":"#0","tintindex":0}}},{"from":[6.857143,-1.7142859,5.714286],"to":[11.571428,0.5714283,10.285714],"rotation":{"angle":0.0,"axis":"y","origin":[3.4285712,-1.7142859,8.0]},"faces":{"east":{"uv":[6.75,2.875,7.75,3.375],"rotation":0,"texture":"#0","tintindex":0},"south":{"uv":[5.75,6.25,6.8125,6.75],"rotation":0,"texture":"#0","tintindex":0},"north":{"uv":[4.625,6.25,5.6875,6.75],"rotation":0,"texture":"#0","tintindex":0},"west":{"uv":[6.75,3.375,7.75,3.875],"rotation":0,"texture":"#0","tintindex":0},"up":{"uv":[1.0625,4.0,0.0,3.0],"rotation":0,"texture":"#0","tintindex":0},"down":{"uv":[4.0625,1.5,3.0,2.5],"rotation":0,"texture":"#0","tintindex":0}}},{"from":[6.857143,0.5714283,5.714286],"to":[12.142858,1.7142854,10.285714],"rotation":{"angle":0.0,"axis":"y","origin":[3.4285712,-1.7142859,8.0]},"faces":{"east":{"uv":[4.5,8.875,5.5,9.125],"rotation":0,"texture":"#0","tintindex":0},"south":{"uv":[8.5,3.0,9.6875,3.25],"rotation":0,"texture":"#0","tintindex":0},"north":{"uv":[7.75,5.125,8.9375,5.375],"rotation":0,"texture":"#0","tintindex":0},"west":{"uv":[5.5,8.875,6.5,9.125],"rotation":0,"texture":"#0","tintindex":0},"up":{"uv":[2.9375,2.5,1.75,1.5],"rotation":0,"texture":"#0","tintindex":0},"down":{"uv":[1.1875,2.0,0.0,3.0],"rotation":0,"texture":"#0","tintindex":0}}},{"from":[8.428572,-2.8571434,6.285714],"to":[12.285715,-0.57142925,9.714286],"rotation":{"angle":22.5,"axis":"z","origin":[3.4285712,-1.7142859,8.0]},"faces":{"east":{"uv":[7.625,5.875,8.375,6.375],"rotation":0,"texture":"#0","tintindex":0},"south":{"uv":[7.25,7.0,8.125,7.5],"rotation":0,"texture":"#0","tintindex":0},"north":{"uv":[3.75,7.25,4.625,7.75],"rotation":0,"texture":"#0","tintindex":0},"west":{"uv":[7.75,0.0,8.5,0.5],"rotation":0,"texture":"#0","tintindex":0},"up":{"uv":[6.125,3.125,5.25,2.375],"rotation":0,"texture":"#0","tintindex":0},"down":{"uv":[5.625,5.5,4.75,6.25],"rotation":0,"texture":"#0","tintindex":0}}},{"from":[8.428572,-0.57142925,6.285714],"to":[13.428572,0.5714283,9.714286],"rotation":{"angle":22.5,"axis":"z","origin":[3.4285712,-1.7142859,8.0]},"faces":{"east":{"uv":[9.0,5.875,9.75,6.125],"rotation":0,"texture":"#0","tintindex":0},"south":{"uv":[8.75,1.0,9.875,1.25],"rotation":0,"texture":"#0","tintindex":0},"north":{"uv":[8.25,8.625,9.375,8.875],"rotation":0,"texture":"#0","tintindex":0},"west":{"uv":[9.0,6.125,9.75,6.375],"rotation":0,"texture":"#0","tintindex":0},"up":{"uv":[5.875,4.75,4.75,4.0],"rotation":0,"texture":"#0","tintindex":0},"down":{"uv":[5.875,4.75,4.75,5.5],"rotation":0,"texture":"#0","tintindex":0}}},{"from":[7.3142858,2.4285712,6.6],"to":[10.685715,4.714286,9.4],"rotation":{"angle":0.0,"axis":"y","origin":[3.4285712,-1.7142859,8.0]},"faces":{"east":{"uv":[0.0,8.375,0.625,8.875],"rotation":0,"texture":"#0","tintindex":0},"south":{"uv":[7.75,2.625,8.5,3.125],"rotation":0,"texture":"#0","tintindex":0},"north":{"uv":[7.75,0.5,8.5,1.0],"rotation":0,"texture":"#0","tintindex":0},"west":{"uv":[8.375,1.625,9.0,2.125],"rotation":0,"texture":"#0","tintindex":0},"up":{"uv":[7.625,6.5,6.875,5.875],"rotation":0,"texture":"#0","tintindex":0},"down":{"uv":[7.75,0.625,7.0,1.25],"rotation":0,"texture":"#0","tintindex":0}}},{"from":[7.857143,0.0,6.857143],"to":[10.142858,8.0,9.142858],"rotation":{"angle":0.0,"axis":"y","origin":[3.4285712,-1.7142859,8.0]},"faces":{"east":{"uv":[2.25,4.25,2.75,6.0],"rotation":0,"texture":"#0","tintindex":0},"south":{"uv":[2.75,4.25,3.25,6.0],"rotation":0,"texture":"#0","tintindex":0},"north":{"uv":[3.75,4.125,4.25,5.875],"rotation":0,"texture":"#0","tintindex":0},"west":{"uv":[3.25,4.25,3.75,6.0],"rotation":0,"texture":"#0","tintindex":0},"up":{"uv":[1.75,2.5,1.25,2.0],"rotation":0,"texture":"#0","tintindex":0},"down":{"uv":[4.5,8.625,4.0,9.125],"rotation":0,"texture":"#0","tintindex":0}}},{"from":[10.857143,-0.57142925,6.8],"to":[16.0,0.5714283,9.2],"rotation":{"angle":45.0,"axis":"z","origin":[3.4285712,-1.7142859,8.0]},"faces":{"east":{"uv":[4.125,1.5,4.625,1.75],"rotation":0,"texture":"#0","tintindex":0},"south":{"uv":[8.5,4.0,9.625,4.25],"rotation":0,"texture":"#0","tintindex":0},"north":{"uv":[8.5,3.75,9.625,4.0],"rotation":0,"texture":"#0","tintindex":0},"west":{"uv":[6.125,2.875,6.625,3.125],"rotation":0,"texture":"#0","tintindex":0},"up":{"uv":[4.625,1.5,3.5,1.0],"rotation":0,"texture":"#0","tintindex":0},"down":{"uv":[7.25,2.375,6.125,2.875],"rotation":0,"texture":"#0","tintindex":0}}},{"from":[2.8571424,6.857143,6.857143],"to":[5.714286,9.714286,9.142858],"rotation":{"angle":-22.5,"axis":"z","origin":[3.4285712,-1.7142859,8.0]},"faces":{"east":{"uv":[7.125,8.0,7.625,8.625],"rotation":0,"texture":"#0","tintindex":0},"south":{"uv":[5.25,7.375,5.875,8.0],"rotation":0,"texture":"#0","tintindex":0},"north":{"uv":[4.625,7.375,5.25,8.0],"rotation":0,"texture":"#0","tintindex":0},"west":{"uv":[8.0,7.5,8.5,8.125],"rotation":0,"texture":"#0","tintindex":0},"up":{"uv":[8.75,7.5,8.125,7.0],"rotation":0,"texture":"#0","tintindex":0},"down":{"uv":[8.25,8.125,7.625,8.625],"rotation":0,"texture":"#0","tintindex":0}}}],"display":{"head":{"translation":[0.0,-6.4,0.0],"scale":[4.0,4.0,4.0]}}}