{"parent":"nova:block_base","textures":{"0":"nova:block/cable/elite"},"elements":[{"from":[6.75,6.75,8.0],"to":[9.25,9.25,16.0],"faces":{"east":{"uv":[0.0,0.0,8.0,3.0],"texture":"#0"},"west":{"uv":[0.0,0.0,8.0,3.0],"texture":"#0"},"up":{"uv":[0.0,0.0,8.0,3.0],"texture":"#0","rotation":270},"down":{"uv":[0.0,0.0,8.0,3.0],"texture":"#0","rotation":270}}},{"from":[6.0,6.0,6.0],"to":[10.0,10.0,10.0],"faces":{"north":{"uv":[12.0,12.0,16.0,16.0],"texture":"#0"},"east":{"uv":[8.0,12.0,12.0,16.0],"texture":"#0"},"south":{"uv":[4.0,12.0,8.0,16.0],"texture":"#0"},"west":{"uv":[0.0,12.0,4.0,16.0],"texture":"#0"},"up":{"uv":[0.0,12.0,4.0,16.0],"texture":"#0"},"down":{"uv":[12.0,12.0,16.0,16.0],"texture":"#0"}}}]}