{"textures":{"0":"modelengine:entity/hopper_cultist_texture"},"elements":[{"from":[6.9142857,5.243497,7.1329618],"to":[9.085714,8.557783,9.304391],"rotation":{"angle":-22.5,"axis":"x","origin":[8.0,6.3292117,8.218677]},"faces":{"east":{"uv":[11.0,10.5,12.0,12.0],"rotation":0,"texture":"#0","tintindex":0},"south":{"uv":[11.25,3.0,12.25,4.5],"rotation":0,"texture":"#0","tintindex":0},"north":{"uv":[11.0,9.0,12.0,10.5],"rotation":0,"texture":"#0","tintindex":0},"west":{"uv":[11.25,4.5,12.25,6.0],"rotation":0,"texture":"#0","tintindex":0},"up":{"uv":[3.0,13.0,2.0,12.0],"rotation":0,"texture":"#0","tintindex":0},"down":{"uv":[13.0,2.0,12.0,3.0],"rotation":0,"texture":"#0","tintindex":0}}}],"display":{"head":{"translation":[0.0,-6.4,0.0],"scale":[4.0,4.0,4.0]}}}