{"textures":{"0":"modelengine:entity/hopper_cultist_texture"},"elements":[{"from":[6.9714284,6.289766,6.807421],"to":[9.028571,8.918338,8.864564],"rotation":{"angle":22.5,"axis":"x","origin":[8.0,6.7469087,7.835993]},"faces":{"east":{"uv":[6.0,11.0,7.0,12.5],"rotation":0,"texture":"#0","tintindex":0},"south":{"uv":[7.0,11.0,8.0,12.5],"rotation":0,"texture":"#0","tintindex":0},"north":{"uv":[5.0,11.0,6.0,12.5],"rotation":0,"texture":"#0","tintindex":0},"west":{"uv":[8.0,11.0,9.0,12.5],"rotation":0,"texture":"#0","tintindex":0},"up":{"uv":[13.0,1.0,12.0,0.0],"rotation":0,"texture":"#0","tintindex":0},"down":{"uv":[13.0,1.0,12.0,2.0],"rotation":0,"texture":"#0","tintindex":0}}},{"from":[6.6285715,5.3754797,6.4645643],"to":[9.3714285,6.97548,9.207421],"rotation":{"angle":0.0,"axis":"y","origin":[8.0,6.7469087,7.835993]},"faces":{"east":{"uv":[12.25,6.75,13.5,7.5],"rotation":0,"texture":"#0","tintindex":0},"south":{"uv":[12.25,7.5,13.5,8.25],"rotation":0,"texture":"#0","tintindex":0},"north":{"uv":[12.25,6.0,13.5,6.75],"rotation":0,"texture":"#0","tintindex":0},"west":{"uv":[12.25,8.25,13.5,9.0],"rotation":0,"texture":"#0","tintindex":0},"up":{"uv":[11.25,7.75,10.0,6.5],"rotation":0,"texture":"#0","tintindex":0},"down":{"uv":[11.25,7.75,10.0,9.0],"rotation":0,"texture":"#0","tintindex":0}}}],"display":{"head":{"translation":[0.0,-6.4,0.0],"scale":[4.0,4.0,4.0]}}}