{"parent":"minecraft:item/generated","textures":{"layer0":"minecraft:item/leather_horse_armor"},"overrides":[{"predicate":{"custom_model_data":1000},"model":"modelengine:01_em_wolf/bodyfront"},{"predicate":{"custom_model_data":1001},"model":"modelengine:01_em_wolf/bodyback"},{"predicate":{"custom_model_data":1002},"model":"modelengine:01_em_wolf/tail1"},{"predicate":{"custom_model_data":1003},"model":"modelengine:01_em_wolf/tail2"},{"predicate":{"custom_model_data":1004},"model":"modelengine:01_em_wolf/tail3"},{"predicate":{"custom_model_data":1005},"model":"modelengine:01_em_wolf/leftlegback"},{"predicate":{"custom_model_data":1006},"model":"modelengine:01_em_wolf/leftlowerlegback"},{"predicate":{"custom_model_data":1007},"model":"modelengine:01_em_wolf/rightlegback"},{"predicate":{"custom_model_data":1008},"model":"modelengine:01_em_wolf/rightlowerlegback"},{"predicate":{"custom_model_data":1009},"model":"modelengine:01_em_wolf/leftlegfront"},{"predicate":{"custom_model_data":1010},"model":"modelengine:01_em_wolf/leftlowerlegfront"},{"predicate":{"custom_model_data":1011},"model":"modelengine:01_em_wolf/rightlegfront"},{"predicate":{"custom_model_data":1012},"model":"modelengine:01_em_wolf/rightlowerlegfront"},{"predicate":{"custom_model_data":1013},"model":"modelengine:01_em_wolf/head"},{"predicate":{"custom_model_data":1014},"model":"modelengine:01_em_wolf/jaw"},{"predicate":{"custom_model_data":1015},"model":"modelengine:02_em_sea_monster/body"},{"predicate":{"custom_model_data":1016},"model":"modelengine:02_em_sea_monster/aa"},{"predicate":{"custom_model_data":1017},"model":"modelengine:02_em_sea_monster/a2"},{"predicate":{"custom_model_data":1018},"model":"modelengine:02_em_sea_monster/a1"},{"predicate":{"custom_model_data":1019},"model":"modelengine:02_em_sea_monster/e1"},{"predicate":{"custom_model_data":1020},"model":"modelengine:02_em_sea_monster/bone"},{"predicate":{"custom_model_data":1021},"model":"modelengine:02_em_sea_monster/eyes"},{"predicate":{"custom_model_data":1022},"model":"modelengine:02_em_sea_monster/e2"},{"predicate":{"custom_model_data":1023},"model":"modelengine:02_em_sea_monster/bone2"},{"predicate":{"custom_model_data":1024},"model":"modelengine:02_em_sea_monster/tentacle_1"},{"predicate":{"custom_model_data":1025},"model":"modelengine:02_em_sea_monster/t1"},{"predicate":{"custom_model_data":1026},"model":"modelengine:02_em_sea_monster/t2"},{"predicate":{"custom_model_data":1027},"model":"modelengine:02_em_sea_monster/t3"},{"predicate":{"custom_model_data":1028},"model":"modelengine:02_em_sea_monster/tentacle_2"},{"predicate":{"custom_model_data":1029},"model":"modelengine:02_em_sea_monster/t2_1"},{"predicate":{"custom_model_data":1030},"model":"modelengine:02_em_sea_monster/t2_2"},{"predicate":{"custom_model_data":1031},"model":"modelengine:02_em_sea_monster/tentacle_3"},{"predicate":{"custom_model_data":1032},"model":"modelengine:02_em_sea_monster/t4"},{"predicate":{"custom_model_data":1033},"model":"modelengine:02_em_sea_monster/t5"},{"predicate":{"custom_model_data":1034},"model":"modelengine:02_em_sea_monster/t6"},{"predicate":{"custom_model_data":1035},"model":"modelengine:02_em_sea_monster/tentacle_4"},{"predicate":{"custom_model_data":1036},"model":"modelengine:02_em_sea_monster/t7"},{"predicate":{"custom_model_data":1037},"model":"modelengine:02_em_sea_monster/t8"},{"predicate":{"custom_model_data":1038},"model":"modelengine:02_em_sea_monster/t9"},{"predicate":{"custom_model_data":1039},"model":"modelengine:02_em_sea_monster/tentacle_5"},{"predicate":{"custom_model_data":1040},"model":"modelengine:02_em_sea_monster/t2_3"},{"predicate":{"custom_model_data":1041},"model":"modelengine:02_em_sea_monster/t2_4"},{"predicate":{"custom_model_data":1042},"model":"modelengine:02_em_sea_monster/tentacle_6"},{"predicate":{"custom_model_data":1043},"model":"modelengine:02_em_sea_monster/t10"},{"predicate":{"custom_model_data":1044},"model":"modelengine:02_em_sea_monster/t11"},{"predicate":{"custom_model_data":1045},"model":"modelengine:02_em_sea_monster/t12"},{"predicate":{"custom_model_data":1046},"model":"modelengine:02_em_sea_monster/tentacle_7"},{"predicate":{"custom_model_data":1047},"model":"modelengine:02_em_sea_monster/t13"},{"predicate":{"custom_model_data":1048},"model":"modelengine:02_em_sea_monster/t14"},{"predicate":{"custom_model_data":1049},"model":"modelengine:02_em_sea_monster/t15"},{"predicate":{"custom_model_data":1050},"model":"modelengine:02_em_sea_monster/tentacle_8"},{"predicate":{"custom_model_data":1051},"model":"modelengine:02_em_sea_monster/t16"},{"predicate":{"custom_model_data":1052},"model":"modelengine:02_em_sea_monster/t17"},{"predicate":{"custom_model_data":1053},"model":"modelengine:02_em_sea_monster/t18"},{"predicate":{"custom_model_data":1054},"model":"modelengine:02_em_sea_monster/tt1"},{"predicate":{"custom_model_data":1055},"model":"modelengine:02_em_sea_monster/tt2"},{"predicate":{"custom_model_data":1056},"model":"modelengine:02_em_sea_monster/tt3"},{"predicate":{"custom_model_data":1057},"model":"modelengine:02_em_sea_monster/tt4"},{"predicate":{"custom_model_data":1058},"model":"modelengine:02_em_sea_monster/tt5"},{"predicate":{"custom_model_data":1059},"model":"modelengine:02_em_sea_monster/tt6"},{"predicate":{"custom_model_data":1060},"model":"modelengine:02_em_sea_monster/tt7"},{"predicate":{"custom_model_data":1061},"model":"modelengine:02_em_sea_monster/tt8"},{"predicate":{"custom_model_data":1062},"model":"modelengine:02_em_sea_monster/tt9"},{"predicate":{"custom_model_data":1063},"model":"modelengine:02_em_sea_monster/tt10"},{"predicate":{"custom_model_data":1064},"model":"modelengine:02_em_sea_monster/tt11"},{"predicate":{"custom_model_data":1065},"model":"modelengine:02_em_sea_monster/tt12"},{"predicate":{"custom_model_data":1066},"model":"modelengine:03_em_quartz_elemental/body"},{"predicate":{"custom_model_data":1067},"model":"modelengine:03_em_quartz_elemental/head"},{"predicate":{"custom_model_data":1068},"model":"modelengine:03_em_quartz_elemental/rightarm"},{"predicate":{"custom_model_data":1069},"model":"modelengine:03_em_quartz_elemental/leftarm"},{"predicate":{"custom_model_data":1070},"model":"modelengine:04_em_minor_ice_elemental/body"},{"predicate":{"custom_model_data":1071},"model":"modelengine:04_em_minor_ice_elemental/head"},{"predicate":{"custom_model_data":1072},"model":"modelengine:04_em_minor_ice_elemental/leftarm"},{"predicate":{"custom_model_data":1073},"model":"modelengine:04_em_minor_ice_elemental/rightarm"},{"predicate":{"custom_model_data":1074},"model":"modelengine:05_em_ancient_golem/leftleg"},{"predicate":{"custom_model_data":1075},"model":"modelengine:05_em_ancient_golem/leftfoot"},{"predicate":{"custom_model_data":1076},"model":"modelengine:05_em_ancient_golem/rightfoot"},{"predicate":{"custom_model_data":1077},"model":"modelengine:05_em_ancient_golem/rightleg"},{"predicate":{"custom_model_data":1078},"model":"modelengine:05_em_ancient_golem/upperbody"},{"predicate":{"custom_model_data":1079},"model":"modelengine:05_em_ancient_golem/cog1"},{"predicate":{"custom_model_data":1080},"model":"modelengine:05_em_ancient_golem/cog2"},{"predicate":{"custom_model_data":1081},"model":"modelengine:05_em_ancient_golem/cog3"},{"predicate":{"custom_model_data":1082},"model":"modelengine:05_em_ancient_golem/rightarm3"},{"predicate":{"custom_model_data":1083},"model":"modelengine:05_em_ancient_golem/rightlowerarm3"},{"predicate":{"custom_model_data":1084},"model":"modelengine:05_em_ancient_golem/leftarm"},{"predicate":{"custom_model_data":1085},"model":"modelengine:05_em_ancient_golem/leftlowerarm"},{"predicate":{"custom_model_data":1086},"model":"modelengine:05_em_ancient_golem/blitzcrank"},{"predicate":{"custom_model_data":1087},"model":"modelengine:05_em_ancient_golem/head"},{"predicate":{"custom_model_data":1088},"model":"modelengine:06_em_corrupted_advisor/body"},{"predicate":{"custom_model_data":1089},"model":"modelengine:06_em_corrupted_advisor/potion3"},{"predicate":{"custom_model_data":1090},"model":"modelengine:06_em_corrupted_advisor/potion4"},{"predicate":{"custom_model_data":1091},"model":"modelengine:06_em_corrupted_advisor/potion5"},{"predicate":{"custom_model_data":1092},"model":"modelengine:06_em_corrupted_advisor/potion"},{"predicate":{"custom_model_data":1093},"model":"modelengine:06_em_corrupted_advisor/larm"},{"predicate":{"custom_model_data":1094},"model":"modelengine:06_em_corrupted_advisor/scroll"},{"predicate":{"custom_model_data":1095},"model":"modelengine:06_em_corrupted_advisor/rrram"},{"predicate":{"custom_model_data":1096},"model":"modelengine:06_em_corrupted_advisor/hand_potion"},{"predicate":{"custom_model_data":1097},"model":"modelengine:06_em_corrupted_advisor/lleg"},{"predicate":{"custom_model_data":1098},"model":"modelengine:06_em_corrupted_advisor/rleg"},{"predicate":{"custom_model_data":1099},"model":"modelengine:06_em_corrupted_advisor/head"},{"predicate":{"custom_model_data":1100},"model":"modelengine:07_em_corrupted_advisor_2/body"},{"predicate":{"custom_model_data":1101},"model":"modelengine:07_em_corrupted_advisor_2/potion3"},{"predicate":{"custom_model_data":1102},"model":"modelengine:07_em_corrupted_advisor_2/potion4"},{"predicate":{"custom_model_data":1103},"model":"modelengine:07_em_corrupted_advisor_2/potion5"},{"predicate":{"custom_model_data":1104},"model":"modelengine:07_em_corrupted_advisor_2/potion"},{"predicate":{"custom_model_data":1105},"model":"modelengine:07_em_corrupted_advisor_2/larm"},{"predicate":{"custom_model_data":1106},"model":"modelengine:07_em_corrupted_advisor_2/scroll"},{"predicate":{"custom_model_data":1107},"model":"modelengine:07_em_corrupted_advisor_2/rrram"},{"predicate":{"custom_model_data":1108},"model":"modelengine:07_em_corrupted_advisor_2/hand_potion"},{"predicate":{"custom_model_data":1109},"model":"modelengine:07_em_corrupted_advisor_2/lleg"},{"predicate":{"custom_model_data":1110},"model":"modelengine:07_em_corrupted_advisor_2/rleg"},{"predicate":{"custom_model_data":1111},"model":"modelengine:07_em_corrupted_advisor_2/head"},{"predicate":{"custom_model_data":1112},"model":"modelengine:08_em_big_ol_bubba/rfleg"},{"predicate":{"custom_model_data":1113},"model":"modelengine:08_em_big_ol_bubba/lbleg"},{"predicate":{"custom_model_data":1114},"model":"modelengine:08_em_big_ol_bubba/rbleg"},{"predicate":{"custom_model_data":1115},"model":"modelengine:08_em_big_ol_bubba/lfleg"},{"predicate":{"custom_model_data":1116},"model":"modelengine:08_em_big_ol_bubba/body"},{"predicate":{"custom_model_data":1117},"model":"modelengine:08_em_big_ol_bubba/head"},{"predicate":{"custom_model_data":1118},"model":"modelengine:08_em_big_ol_bubba/bone"},{"predicate":{"custom_model_data":1119},"model":"modelengine:09_em_earth_model/head"},{"predicate":{"custom_model_data":1120},"model":"modelengine:09_em_earth_model/body"},{"predicate":{"custom_model_data":1121},"model":"modelengine:09_em_earth_model/bone"},{"predicate":{"custom_model_data":1122},"model":"modelengine:09_em_earth_model/bone2"},{"predicate":{"custom_model_data":1123},"model":"modelengine:10_em_minor_fire_elemental/leftarm"},{"predicate":{"custom_model_data":1124},"model":"modelengine:10_em_minor_fire_elemental/rightarm"},{"predicate":{"custom_model_data":1125},"model":"modelengine:10_em_minor_fire_elemental/head"},{"predicate":{"custom_model_data":1126},"model":"modelengine:10_em_minor_fire_elemental/body"},{"predicate":{"custom_model_data":1127},"model":"modelengine:11_em_blood_elemental/lower_body"},{"predicate":{"custom_model_data":1128},"model":"modelengine:11_em_blood_elemental/upper_body"},{"predicate":{"custom_model_data":1129},"model":"modelengine:11_em_blood_elemental/h_head"},{"predicate":{"custom_model_data":1130},"model":"modelengine:11_em_blood_elemental/right_deco"},{"predicate":{"custom_model_data":1131},"model":"modelengine:11_em_blood_elemental/left_deco"},{"predicate":{"custom_model_data":1132},"model":"modelengine:11_em_blood_elemental/right_hand"},{"predicate":{"custom_model_data":1133},"model":"modelengine:11_em_blood_elemental/right_finger_three"},{"predicate":{"custom_model_data":1134},"model":"modelengine:11_em_blood_elemental/right_finger_two"},{"predicate":{"custom_model_data":1135},"model":"modelengine:11_em_blood_elemental/right_finger_one"},{"predicate":{"custom_model_data":1136},"model":"modelengine:11_em_blood_elemental/right_thumb"},{"predicate":{"custom_model_data":1137},"model":"modelengine:11_em_blood_elemental/right_arm"},{"predicate":{"custom_model_data":1138},"model":"modelengine:11_em_blood_elemental/left_hand"},{"predicate":{"custom_model_data":1139},"model":"modelengine:11_em_blood_elemental/left_finger_three"},{"predicate":{"custom_model_data":1140},"model":"modelengine:11_em_blood_elemental/left_finger_two"},{"predicate":{"custom_model_data":1141},"model":"modelengine:11_em_blood_elemental/left_finger_one"},{"predicate":{"custom_model_data":1142},"model":"modelengine:11_em_blood_elemental/left_thumb"},{"predicate":{"custom_model_data":1143},"model":"modelengine:11_em_blood_elemental/left_arm"},{"predicate":{"custom_model_data":2000},"model":"modelengine:em_goblin_armor/leftarm"},{"predicate":{"custom_model_data":2001},"model":"modelengine:em_goblin_armor/rightarm"},{"predicate":{"custom_model_data":2002},"model":"modelengine:em_goblin_armor/walkingstick"},{"predicate":{"custom_model_data":2003},"model":"modelengine:em_goblin_armor/leftleg"},{"predicate":{"custom_model_data":2004},"model":"modelengine:em_goblin_armor/rightleg"},{"predicate":{"custom_model_data":2005},"model":"modelengine:em_goblin_armor/goblin_entity"},{"predicate":{"custom_model_data":2006},"model":"modelengine:em_goblin_armor/head"},{"predicate":{"custom_model_data":2007},"model":"modelengine:em_goblin_armor/backpack"},{"predicate":{"custom_model_data":2008},"model":"modelengine:em_goblin_armor/goldcoin"},{"predicate":{"custom_model_data":2009},"model":"modelengine:em_goblin_armor/arrow1"},{"predicate":{"custom_model_data":2010},"model":"modelengine:em_goblin_charms/leftarm"},{"predicate":{"custom_model_data":2011},"model":"modelengine:em_goblin_charms/rightarm"},{"predicate":{"custom_model_data":2012},"model":"modelengine:em_goblin_charms/walkingstick"},{"predicate":{"custom_model_data":2013},"model":"modelengine:em_goblin_charms/leftleg"},{"predicate":{"custom_model_data":2014},"model":"modelengine:em_goblin_charms/rightleg"},{"predicate":{"custom_model_data":2015},"model":"modelengine:em_goblin_charms/goblin_entity"},{"predicate":{"custom_model_data":2016},"model":"modelengine:em_goblin_charms/head"},{"predicate":{"custom_model_data":2017},"model":"modelengine:em_goblin_charms/backpack"},{"predicate":{"custom_model_data":2018},"model":"modelengine:em_goblin_charms/sword"},{"predicate":{"custom_model_data":2019},"model":"modelengine:em_goblin_charms/arrow1"},{"predicate":{"custom_model_data":2020},"model":"modelengine:em_goblin_charms/arrow2"},{"predicate":{"custom_model_data":2021},"model":"modelengine:em_goblin_coins/leftarm"},{"predicate":{"custom_model_data":2022},"model":"modelengine:em_goblin_coins/rightarm"},{"predicate":{"custom_model_data":2023},"model":"modelengine:em_goblin_coins/walkingstick"},{"predicate":{"custom_model_data":2024},"model":"modelengine:em_goblin_coins/leftleg"},{"predicate":{"custom_model_data":2025},"model":"modelengine:em_goblin_coins/rightleg"},{"predicate":{"custom_model_data":2026},"model":"modelengine:em_goblin_coins/goblin_entity"},{"predicate":{"custom_model_data":2027},"model":"modelengine:em_goblin_coins/head"},{"predicate":{"custom_model_data":2028},"model":"modelengine:em_goblin_coins/backpack"},{"predicate":{"custom_model_data":2029},"model":"modelengine:em_goblin_coins/goldcoin"},{"predicate":{"custom_model_data":2030},"model":"modelengine:em_goblin_coins/arrow1"},{"predicate":{"custom_model_data":2031},"model":"modelengine:em_goblin_coins/arrow2"},{"predicate":{"custom_model_data":2032},"model":"modelengine:em_goblin_treasure/leftarm"},{"predicate":{"custom_model_data":2033},"model":"modelengine:em_goblin_treasure/rightarm"},{"predicate":{"custom_model_data":2034},"model":"modelengine:em_goblin_treasure/walkingstick"},{"predicate":{"custom_model_data":2035},"model":"modelengine:em_goblin_treasure/leftleg"},{"predicate":{"custom_model_data":2036},"model":"modelengine:em_goblin_treasure/rightleg"},{"predicate":{"custom_model_data":2037},"model":"modelengine:em_goblin_treasure/goblin_entity"},{"predicate":{"custom_model_data":2038},"model":"modelengine:em_goblin_treasure/head"},{"predicate":{"custom_model_data":2039},"model":"modelengine:em_goblin_treasure/backpack"},{"predicate":{"custom_model_data":2040},"model":"modelengine:em_goblin_treasure/sword"},{"predicate":{"custom_model_data":2041},"model":"modelengine:em_goblin_treasure/arrow1"},{"predicate":{"custom_model_data":2042},"model":"modelengine:em_goblin_treasure/arrow2"},{"predicate":{"custom_model_data":2043},"model":"modelengine:em_goblin_weapon/leftarm"},{"predicate":{"custom_model_data":2044},"model":"modelengine:em_goblin_weapon/rightarm"},{"predicate":{"custom_model_data":2045},"model":"modelengine:em_goblin_weapon/walkingstick"},{"predicate":{"custom_model_data":2046},"model":"modelengine:em_goblin_weapon/leftleg"},{"predicate":{"custom_model_data":2047},"model":"modelengine:em_goblin_weapon/rightleg"},{"predicate":{"custom_model_data":2048},"model":"modelengine:em_goblin_weapon/goblin_entity"},{"predicate":{"custom_model_data":2049},"model":"modelengine:em_goblin_weapon/head"},{"predicate":{"custom_model_data":2050},"model":"modelengine:em_goblin_weapon/backpack"},{"predicate":{"custom_model_data":2051},"model":"modelengine:em_goblin_weapon/sword"},{"predicate":{"custom_model_data":2052},"model":"modelengine:em_goblin_weapon/arrow1"},{"predicate":{"custom_model_data":2053},"model":"modelengine:em_goblin_weapon/arrow2"},{"predicate":{"custom_model_data":2054},"model":"modelengine:goblin_armor/leftarm"},{"predicate":{"custom_model_data":2055},"model":"modelengine:goblin_armor/rightarm"},{"predicate":{"custom_model_data":2056},"model":"modelengine:goblin_armor/walkingstick"},{"predicate":{"custom_model_data":2057},"model":"modelengine:goblin_armor/leftleg"},{"predicate":{"custom_model_data":2058},"model":"modelengine:goblin_armor/rightleg"},{"predicate":{"custom_model_data":2059},"model":"modelengine:goblin_armor/goblin_entity"},{"predicate":{"custom_model_data":2060},"model":"modelengine:goblin_armor/head"},{"predicate":{"custom_model_data":2061},"model":"modelengine:goblin_armor/backpack"},{"predicate":{"custom_model_data":2062},"model":"modelengine:goblin_armor/goldcoin"},{"predicate":{"custom_model_data":2063},"model":"modelengine:goblin_armor/arrow1"},{"predicate":{"custom_model_data":2064},"model":"modelengine:goblin_weapon/leftarm"},{"predicate":{"custom_model_data":2065},"model":"modelengine:goblin_weapon/rightarm"},{"predicate":{"custom_model_data":2066},"model":"modelengine:goblin_weapon/walkingstick"},{"predicate":{"custom_model_data":2067},"model":"modelengine:goblin_weapon/leftleg"},{"predicate":{"custom_model_data":2068},"model":"modelengine:goblin_weapon/rightleg"},{"predicate":{"custom_model_data":2069},"model":"modelengine:goblin_weapon/goblin_entity"},{"predicate":{"custom_model_data":2070},"model":"modelengine:goblin_weapon/head"},{"predicate":{"custom_model_data":2071},"model":"modelengine:goblin_weapon/backpack"},{"predicate":{"custom_model_data":2072},"model":"modelengine:goblin_weapon/sword"},{"predicate":{"custom_model_data":2073},"model":"modelengine:goblin_weapon/arrow1"},{"predicate":{"custom_model_data":2074},"model":"modelengine:goblin_weapon/arrow2"},{"predicate":{"custom_model_data":3000},"model":"modelengine:frost_queen_phase_1/head"},{"predicate":{"custom_model_data":3001},"model":"modelengine:frost_queen_phase_1/htop"},{"predicate":{"custom_model_data":3002},"model":"modelengine:frost_queen_phase_1/ce"},{"predicate":{"custom_model_data":3003},"model":"modelengine:frost_queen_phase_1/chest"},{"predicate":{"custom_model_data":3004},"model":"modelengine:frost_queen_phase_1/rhand"},{"predicate":{"custom_model_data":3005},"model":"modelengine:frost_queen_phase_1/bone"},{"predicate":{"custom_model_data":3006},"model":"modelengine:frost_queen_phase_1/rdir"},{"predicate":{"custom_model_data":3007},"model":"modelengine:frost_queen_phase_1/mace"},{"predicate":{"custom_model_data":3008},"model":"modelengine:frost_queen_phase_1/bone2"},{"predicate":{"custom_model_data":3009},"model":"modelengine:frost_queen_phase_1/bone3"},{"predicate":{"custom_model_data":3010},"model":"modelengine:frost_queen_phase_1/bone4"},{"predicate":{"custom_model_data":3011},"model":"modelengine:frost_queen_phase_1/lhand"},{"predicate":{"custom_model_data":3012},"model":"modelengine:frost_queen_phase_1/ldir"},{"predicate":{"custom_model_data":3013},"model":"modelengine:frost_queen_phase_1/lbil"},{"predicate":{"custom_model_data":3014},"model":"modelengine:frost_queen_phase_1/rleg"},{"predicate":{"custom_model_data":3015},"model":"modelengine:frost_queen_phase_1/rne"},{"predicate":{"custom_model_data":3016},"model":"modelengine:frost_queen_phase_1/rble"},{"predicate":{"custom_model_data":3017},"model":"modelengine:frost_queen_phase_1/lleg"},{"predicate":{"custom_model_data":3018},"model":"modelengine:frost_queen_phase_1/lne"},{"predicate":{"custom_model_data":3019},"model":"modelengine:frost_queen_phase_1/lble"},{"predicate":{"custom_model_data":3020},"model":"modelengine:frost_queen_phase_2/rarm"},{"predicate":{"custom_model_data":3021},"model":"modelengine:frost_queen_phase_2/rd"},{"predicate":{"custom_model_data":3022},"model":"modelengine:frost_queen_phase_2/rb"},{"predicate":{"custom_model_data":3023},"model":"modelengine:frost_queen_phase_2/bone"},{"predicate":{"custom_model_data":3024},"model":"modelengine:frost_queen_phase_2/lab"},{"predicate":{"custom_model_data":3025},"model":"modelengine:frost_queen_phase_2/lad"},{"predicate":{"custom_model_data":3026},"model":"modelengine:frost_queen_phase_2/lleg"},{"predicate":{"custom_model_data":3027},"model":"modelengine:frost_queen_phase_2/larm"},{"predicate":{"custom_model_data":3028},"model":"modelengine:frost_queen_phase_2/ld"},{"predicate":{"custom_model_data":3029},"model":"modelengine:frost_queen_phase_2/lb"},{"predicate":{"custom_model_data":3030},"model":"modelengine:frost_queen_phase_2/chest"},{"predicate":{"custom_model_data":3031},"model":"modelengine:frost_queen_phase_2/head"},{"predicate":{"custom_model_data":3032},"model":"modelengine:frost_queen_phase_2/jaa"},{"predicate":{"custom_model_data":3033},"model":"modelengine:frost_queen_phase_2/rleg"},{"predicate":{"custom_model_data":3034},"model":"modelengine:frost_queen_phase_2/rad"},{"predicate":{"custom_model_data":3035},"model":"modelengine:frost_queen_phase_2/rab"},{"predicate":{"custom_model_data":3036},"model":"modelengine:frost_queen_phase_3/lleg2"},{"predicate":{"custom_model_data":3037},"model":"modelengine:frost_queen_phase_3/body"},{"predicate":{"custom_model_data":3038},"model":"modelengine:frost_queen_phase_3/bottom"},{"predicate":{"custom_model_data":3039},"model":"modelengine:frost_queen_phase_3/head"},{"predicate":{"custom_model_data":3040},"model":"modelengine:frost_queen_phase_3/lwing"},{"predicate":{"custom_model_data":3041},"model":"modelengine:frost_queen_phase_3/rwing"},{"predicate":{"custom_model_data":3042},"model":"modelengine:frost_queen_phase_3/lleg1"},{"predicate":{"custom_model_data":3043},"model":"modelengine:frost_queen_phase_3/lleg3"},{"predicate":{"custom_model_data":3044},"model":"modelengine:frost_queen_phase_3/rleg1"},{"predicate":{"custom_model_data":3045},"model":"modelengine:frost_queen_phase_3/rleg2"},{"predicate":{"custom_model_data":3046},"model":"modelengine:frost_queen_phase_3/rleg3"},{"predicate":{"custom_model_data":4000},"model":"modelengine:craftenmine_laboratory_craftenmine/body"},{"predicate":{"custom_model_data":4001},"model":"modelengine:craftenmine_laboratory_craftenmine/lleg"},{"predicate":{"custom_model_data":4002},"model":"modelengine:craftenmine_laboratory_craftenmine/ln"},{"predicate":{"custom_model_data":4003},"model":"modelengine:craftenmine_laboratory_craftenmine/lb"},{"predicate":{"custom_model_data":4004},"model":"modelengine:craftenmine_laboratory_craftenmine/rn"},{"predicate":{"custom_model_data":4005},"model":"modelengine:craftenmine_laboratory_craftenmine/rb"},{"predicate":{"custom_model_data":4006},"model":"modelengine:craftenmine_laboratory_craftenmine/rleg"},{"predicate":{"custom_model_data":4007},"model":"modelengine:craftenmine_laboratory_craftenmine/ran"},{"predicate":{"custom_model_data":4008},"model":"modelengine:craftenmine_laboratory_craftenmine/rab"},{"predicate":{"custom_model_data":4009},"model":"modelengine:craftenmine_laboratory_craftenmine/rarm"},{"predicate":{"custom_model_data":4010},"model":"modelengine:craftenmine_laboratory_craftenmine/head"},{"predicate":{"custom_model_data":4011},"model":"modelengine:craftenmine_laboratory_craftenmine/larm"},{"predicate":{"custom_model_data":4012},"model":"modelengine:craftenmine_laboratory_craftenmine/lan"},{"predicate":{"custom_model_data":4013},"model":"modelengine:craftenmine_laboratory_craftenmine/lab"},{"predicate":{"custom_model_data":5000},"model":"modelengine:01_heart_of_darkness/mainheart"},{"predicate":{"custom_model_data":5001},"model":"modelengine:01_heart_of_darkness/heart"},{"predicate":{"custom_model_data":5002},"model":"modelengine:01_heart_of_darkness/artery3"},{"predicate":{"custom_model_data":5003},"model":"modelengine:01_heart_of_darkness/artery2"},{"predicate":{"custom_model_data":5004},"model":"modelengine:01_heart_of_darkness/artery1"},{"predicate":{"custom_model_data":5005},"model":"modelengine:01_heart_of_darkness/artery4"},{"predicate":{"custom_model_data":5006},"model":"modelengine:02_arcanist/lleg"},{"predicate":{"custom_model_data":5007},"model":"modelengine:02_arcanist/rleg"},{"predicate":{"custom_model_data":5008},"model":"modelengine:02_arcanist/body"},{"predicate":{"custom_model_data":5009},"model":"modelengine:02_arcanist/larm"},{"predicate":{"custom_model_data":5010},"model":"modelengine:02_arcanist/weapon"},{"predicate":{"custom_model_data":5011},"model":"modelengine:02_arcanist/rarm"},{"predicate":{"custom_model_data":5012},"model":"modelengine:02_arcanist/rcape"},{"predicate":{"custom_model_data":5013},"model":"modelengine:02_arcanist/lcape"},{"predicate":{"custom_model_data":5014},"model":"modelengine:02_arcanist/cape"},{"predicate":{"custom_model_data":5015},"model":"modelengine:02_arcanist/head"},{"predicate":{"custom_model_data":5016},"model":"modelengine:02_arcanist/hat"},{"predicate":{"custom_model_data":5017},"model":"modelengine:03_end_fly/lleg2"},{"predicate":{"custom_model_data":5018},"model":"modelengine:03_end_fly/body"},{"predicate":{"custom_model_data":5019},"model":"modelengine:03_end_fly/bottom"},{"predicate":{"custom_model_data":5020},"model":"modelengine:03_end_fly/head"},{"predicate":{"custom_model_data":5021},"model":"modelengine:03_end_fly/lwing"},{"predicate":{"custom_model_data":5022},"model":"modelengine:03_end_fly/rwing"},{"predicate":{"custom_model_data":5023},"model":"modelengine:03_end_fly/lleg1"},{"predicate":{"custom_model_data":5024},"model":"modelengine:03_end_fly/lleg3"},{"predicate":{"custom_model_data":5025},"model":"modelengine:03_end_fly/rleg1"},{"predicate":{"custom_model_data":5026},"model":"modelengine:03_end_fly/rleg2"},{"predicate":{"custom_model_data":5027},"model":"modelengine:03_end_fly/rleg3"},{"predicate":{"custom_model_data":5028},"model":"modelengine:04_hopper_cultist/head"},{"predicate":{"custom_model_data":5029},"model":"modelengine:04_hopper_cultist/body"},{"predicate":{"custom_model_data":5030},"model":"modelengine:04_hopper_cultist/lleg"},{"predicate":{"custom_model_data":5031},"model":"modelengine:04_hopper_cultist/llegbot"},{"predicate":{"custom_model_data":5032},"model":"modelengine:04_hopper_cultist/llegmid"},{"predicate":{"custom_model_data":5033},"model":"modelengine:04_hopper_cultist/rlegmid"},{"predicate":{"custom_model_data":5034},"model":"modelengine:04_hopper_cultist/rlegbot"},{"predicate":{"custom_model_data":5035},"model":"modelengine:04_hopper_cultist/rleg"},{"predicate":{"custom_model_data":5036},"model":"modelengine:04_hopper_cultist/rarm"},{"predicate":{"custom_model_data":5037},"model":"modelengine:04_hopper_cultist/larm"},{"predicate":{"custom_model_data":5038},"model":"modelengine:04_hopper_cultist/ftabard"},{"predicate":{"custom_model_data":5039},"model":"modelengine:04_hopper_cultist/btabard"}]}