{
    "providers": [
		
        {"type": "bitmap", "file": "elitemobs:gui/ranksmenu.png", "ascent": 136, "height": 256, "chars":["򴋺"]},
        {"type": "bitmap", "file": "elitemobs:gui/repairmenu.png", "ascent": 136, "height": 256, "chars":["󰀪"]},
        {"type": "bitmap", "file": "elitemobs:gui/scrappermenu.png", "ascent": 136, "height": 256, "chars":["󰀫"]},
        {"type": "bitmap", "file": "elitemobs:gui/refinemenu.png", "ascent": 136, "height": 256, "chars":["󰀻"]},
        {"type": "bitmap", "file": "elitemobs:gui/smeltmenu.png", "ascent": 136, "height": 256, "chars":["󰁋"]},
        {"type": "bitmap", "file": "elitemobs:gui/sellmenu.png", "ascent": 136, "height": 256, "chars":["󰁛"]},
        {"type": "bitmap", "file": "elitemobs:gui/proceduralitemshop.png", "ascent": 136, "height": 256, "chars":["󰁫"]},
        {"type": "bitmap", "file": "elitemobs:gui/customitemshop.png", "ascent": 136, "height": 256, "chars":["󰁻"]},
        {"type": "bitmap", "file": "elitemobs:gui/buyorsell.png", "ascent": 136, "height": 256, "chars":["󰂋"]},
        {"type": "bitmap", "file": "elitemobs:gui/unbind.png", "ascent": 136, "height": 256, "chars":["󰂛"]},
        {"type": "bitmap", "file": "elitemobs:gui/arenamenu.png", "ascent": 136, "height": 256, "chars":["󰄋"]},

		
        {
            "type": "bitmap",
            "file": "elitemobs:ui/space_split.png",
            "ascent": -32768,
            "height": -19,
            "chars": [
                "\uF801"
            ]
        },

        {
            "type": "bitmap",
            "file": "elitemobs:ui/space_split.png",
            "ascent": -32768,
            "height": -185,
            "chars": [
                "\uF805"
            ]
        }
		
		
    ]
}
