{
	"credit": "Made with Blockbench",
	"texture_size": [64, 64],
	"textures": {
		"0": "elitemobs:blocks/gladius_texture",
		"particle": "elitemobs:blocks/gladius_texture"
	},
	"elements": [
		{
			"from": [3.35386, -11.93384, 7.38358],
			"to": [3.85386, -11.43384, 8.38358],
			"rotation": {"angle": 45, "axis": "z", "origin": [8.14951, -7.10427, 7.38358]},
			"faces": {
				"north": {"uv": [5.00012, 3.50013, 5.24988, 3.74988], "texture": "#0"},
				"south": {"uv": [6.50013, 2.00013, 6.74988, 2.24987], "texture": "#0"},
				"west": {"uv": [6.50013, 5.25013, 6.74988, 5.49988], "texture": "#0"},
				"down": {"uv": [6.99988, 1.00013, 6.75013, 1.24988], "texture": "#0"}
			}
		},
		{
			"from": [6.18229, -10.10541, 7.18358],
			"to": [6.68229, -9.60541, 8.68358],
			"rotation": {"angle": 45, "axis": "z", "origin": [8.14951, -8.10427, 7.38358]},
			"faces": {
				"north": {"uv": [7.25013, 4.50012, 7.49988, 4.74988], "texture": "#0"},
				"south": {"uv": [7.25013, 4.75012, 7.49988, 4.99988], "texture": "#0"},
				"west": {"uv": [6.25013, 0.50013, 6.74988, 0.74988], "texture": "#0"},
				"down": {"uv": [5.24988, 4.00012, 5.00012, 4.49988], "texture": "#0"}
			}
		},
		{
			"from": [6.9065, -10.24397, 7.18358],
			"to": [7.9065, -9.24397, 8.68358],
			"rotation": {"angle": 22.5, "axis": "z", "origin": [8.14951, -8.10427, 7.38358]},
			"faces": {
				"north": {"uv": [2.75013, 7.50013, 2.99988, 7.74988], "texture": "#0"},
				"east": {"uv": [6.25013, 0.75013, 6.74988, 0.99988], "texture": "#0"},
				"south": {"uv": [3.25013, 7.50013, 3.49988, 7.74988], "texture": "#0"},
				"west": {"uv": [6.25013, 1.00013, 6.74988, 1.24988], "texture": "#0"},
				"up": {"uv": [6.49988, 1.74988, 6.25013, 1.25013], "texture": "#0"},
				"down": {"uv": [6.49988, 1.75013, 6.25013, 2.24987], "texture": "#0"}
			}
		},
		{
			"from": [7.4235, -2.59662, 7.18358],
			"to": [8.9235, -1.09662, 8.68358],
			"rotation": {"angle": 0, "axis": "z", "origin": [8.14951, -1.10427, 7.38358]},
			"faces": {
				"east": {"uv": [0.50013, 0.00013, 0.99988, 0.49988], "texture": "#0"},
				"west": {"uv": [1.00013, 0.00013, 1.49988, 0.49988], "texture": "#0"},
				"up": {"uv": [6.99988, 4.99988, 6.75013, 4.50012], "texture": "#0"},
				"down": {"uv": [6.99988, 5.00012, 6.75013, 5.49988], "texture": "#0"}
			}
		},
		{
			"from": [7.4235, -9.59662, 7.18358],
			"to": [8.9235, -8.59662, 8.68358],
			"rotation": {"angle": 0, "axis": "z", "origin": [8.14951, -8.10427, 7.38358]},
			"faces": {
				"east": {"uv": [0.50013, 0.00013, 0.99988, 0.49988], "texture": "#0"},
				"west": {"uv": [1.00013, 0.00013, 1.49988, 0.49988], "texture": "#0"},
				"up": {"uv": [6.99988, 4.99988, 6.75013, 4.50012], "texture": "#0"},
				"down": {"uv": [6.99988, 5.00012, 6.75013, 5.49988], "texture": "#0"}
			}
		},
		{
			"from": [7.2, -1.59662, 7.775],
			"to": [9.2, 14.10338, 8.025],
			"rotation": {"angle": 0, "axis": "z", "origin": [8.14951, -1.10427, 7.35858]},
			"faces": {
				"north": {"uv": [0.00013, 0.00013, 0.49988, 3.99988], "texture": "#0"},
				"east": {"uv": [4.00012, 0.00013, 4.24988, 3.99988], "texture": "#0"},
				"south": {"uv": [0.50013, 0.50013, 0.99988, 4.49988], "texture": "#0"},
				"west": {"uv": [4.50012, 0.00013, 4.74988, 3.99988], "texture": "#0"},
				"up": {"uv": [7.74988, 7.49988, 7.25013, 7.25013], "texture": "#0"},
				"down": {"uv": [7.74988, 0.00013, 7.25013, 0.24988], "texture": "#0"}
			}
		},
		{
			"from": [3.0274, 15.04513, 7.775],
			"to": [3.7774, 16.44513, 8.025],
			"rotation": {"angle": -45, "axis": "z", "origin": [3.97691, 9.53748, 7.35858]},
			"faces": {
				"north": {"uv": [6.50013, 8.00013, 6.74988, 8.24987], "texture": "#0"},
				"south": {"uv": [7.00013, 8.00013, 7.24988, 8.24987], "texture": "#0"},
				"west": {"uv": [7.25013, 8.00013, 7.49988, 8.24987], "texture": "#0"},
				"up": {"uv": [7.74988, 8.24987, 7.50013, 8.00013], "texture": "#0"}
			}
		},
		{
			"from": [2.85062, 15.11852, 7.8],
			"to": [3.10062, 16.76852, 8],
			"rotation": {"angle": -45, "axis": "z", "origin": [3.80013, 9.61087, 7.35858]},
			"faces": {
				"north": {"uv": [7.00013, 6.50013, 7.24988, 6.99988], "texture": "#0"},
				"east": {"uv": [1.25013, 7.25013, 1.49988, 7.74988], "texture": "#0"},
				"south": {"uv": [2.50013, 7.25013, 2.74988, 7.74988], "texture": "#0"},
				"west": {"uv": [3.00013, 7.25013, 3.24988, 7.74988], "texture": "#0"},
				"up": {"uv": [8.24987, 1.49988, 8.00013, 1.25013], "texture": "#0"},
				"down": {"uv": [8.24987, 1.50013, 8.00013, 1.74988], "texture": "#0"}
			}
		},
		{
			"from": [13.29938, 15.11852, 7.8],
			"to": [13.54938, 16.76852, 8],
			"rotation": {"angle": 45, "axis": "z", "origin": [12.59987, 9.61087, 7.35858]},
			"faces": {
				"north": {"uv": [5.50013, 7.25013, 5.74988, 7.74988], "texture": "#0"},
				"east": {"uv": [6.25013, 7.25013, 6.49988, 7.74988], "texture": "#0"},
				"south": {"uv": [6.50013, 7.25013, 6.74988, 7.74988], "texture": "#0"},
				"west": {"uv": [6.75013, 7.25013, 6.99988, 7.74988], "texture": "#0"},
				"up": {"uv": [8.24987, 1.99988, 8.00013, 1.75013], "texture": "#0"},
				"down": {"uv": [8.24987, 2.00013, 8.00013, 2.24987], "texture": "#0"}
			}
		},
		{
			"from": [12.28606, 15.85761, 7.775],
			"to": [13.03606, 17.25761, 8.025],
			"rotation": {"angle": 45, "axis": "z", "origin": [13.23557, 10.34996, 7.35858]},
			"faces": {
				"north": {"uv": [8.00013, 8.00013, 8.24987, 8.24987], "texture": "#0"},
				"east": {"uv": [8.00013, 0.00013, 8.24987, 0.24988], "texture": "#0"},
				"south": {"uv": [8.00013, 0.25013, 8.24987, 0.49988], "texture": "#0"},
				"up": {"uv": [8.24987, 0.99988, 8.00013, 0.75013], "texture": "#0"}
			}
		},
		{
			"from": [8.91292, -2.65, 7.53958],
			"to": [9.11292, 14.15, 7.66458],
			"rotation": {"angle": 22.5, "axis": "y", "origin": [9.96243, -2.15765, 7.12316]},
			"faces": {
				"north": {"uv": [1.00013, 1.00013, 1.24988, 5.24988], "texture": "#0"},
				"east": {"uv": [1.25013, 1.25013, 1.49988, 5.49988], "texture": "#0"},
				"south": {"uv": [1.50013, 1.50013, 1.74988, 5.74988], "texture": "#0"},
				"west": {"uv": [1.75013, 1.75013, 1.99988, 5.99988], "texture": "#0"},
				"up": {"uv": [2.49987, 8.24987, 2.25013, 8.00013], "texture": "#0"},
				"down": {"uv": [2.74988, 8.00013, 2.50013, 8.24987], "texture": "#0"}
			}
		},
		{
			"from": [7.28708, -2.65, 8.13542],
			"to": [7.48708, 14.15, 8.26042],
			"rotation": {"angle": 22.5, "axis": "y", "origin": [6.43757, -2.15765, 8.67684]},
			"faces": {
				"north": {"uv": [3.00013, 3.00013, 3.24988, 7.24988], "texture": "#0"},
				"east": {"uv": [3.25013, 3.25013, 3.49988, 7.49988], "texture": "#0"},
				"south": {"uv": [3.50013, 3.50013, 3.74988, 7.74988], "texture": "#0"},
				"west": {"uv": [3.75013, 3.75013, 3.99988, 7.99988], "texture": "#0"},
				"up": {"uv": [3.49988, 8.24987, 3.25013, 8.00013], "texture": "#0"},
				"down": {"uv": [3.74988, 8.00013, 3.50013, 8.24987], "texture": "#0"}
			}
		},
		{
			"from": [9.42973, -2.65, 7.4529],
			"to": [9.62973, 14.15, 7.5779],
			"rotation": {"angle": -22.5, "axis": "y", "origin": [8.50522, -2.15765, 7.03648]},
			"faces": {
				"north": {"uv": [2.00013, 2.00013, 2.24987, 6.24988], "texture": "#0"},
				"east": {"uv": [2.25013, 2.25013, 2.49987, 6.49988], "texture": "#0"},
				"south": {"uv": [2.50013, 2.50013, 2.74988, 6.74988], "texture": "#0"},
				"west": {"uv": [2.75013, 2.75013, 2.99988, 6.99988], "texture": "#0"},
				"up": {"uv": [2.99988, 8.24987, 2.75013, 8.00013], "texture": "#0"},
				"down": {"uv": [3.24988, 8.00013, 3.00013, 8.24987], "texture": "#0"}
			}
		},
		{
			"from": [9.93, -2.65, 7.31],
			"to": [10.055, 14.15, 7.435],
			"rotation": {"angle": -45, "axis": "y", "origin": [9.0255, -2.10427, 6.8485]},
			"faces": {
				"north": {"uv": [4.25012, 0.00013, 4.49988, 4.24988], "texture": "#0"},
				"east": {"uv": [0.50013, 4.50012, 0.74988, 8.74987], "texture": "#0"},
				"south": {"uv": [0.75013, 4.50012, 0.99988, 8.74987], "texture": "#0"},
				"west": {"uv": [4.50012, 4.50012, 4.74988, 8.74987], "texture": "#0"},
				"up": {"uv": [5.74988, 8.24987, 5.50013, 8.00013], "texture": "#0"},
				"down": {"uv": [5.99988, 8.00013, 5.75013, 8.24987], "texture": "#0"}
			}
		},
		{
			"from": [6.33, -2.65, 7.35],
			"to": [6.455, 14.15, 7.475],
			"rotation": {"angle": 45, "axis": "y", "origin": [7.31362, -2.10427, 6.83149]},
			"faces": {
				"north": {"uv": [3.75013, 0.00013, 3.99988, 3.74988], "texture": "#0"},
				"east": {"uv": [4.75012, 4.75012, 4.99988, 8.49987], "texture": "#0"},
				"south": {"uv": [4.75012, 0.00013, 4.99988, 3.74988], "texture": "#0"},
				"west": {"uv": [5.00012, 5.00012, 5.24988, 8.74987], "texture": "#0"},
				"up": {"uv": [6.24988, 8.24987, 6.00013, 8.00013], "texture": "#0"},
				"down": {"uv": [6.49988, 8.00013, 6.25013, 8.24987], "texture": "#0"}
			}
		},
		{
			"from": [6.77027, -2.65, 8.2221],
			"to": [6.97027, 14.15, 8.3471],
			"rotation": {"angle": -22.5, "axis": "y", "origin": [7.89478, -2.15765, 8.76352]},
			"faces": {
				"north": {"uv": [0.00013, 4.00012, 0.24988, 8.24987], "texture": "#0"},
				"east": {"uv": [0.25013, 4.00012, 0.49988, 8.24987], "texture": "#0"},
				"south": {"uv": [4.00012, 4.00012, 4.24988, 8.24987], "texture": "#0"},
				"west": {"uv": [4.25012, 4.25012, 4.49988, 8.49987], "texture": "#0"},
				"up": {"uv": [3.99988, 8.24987, 3.75013, 8.00013], "texture": "#0"},
				"down": {"uv": [5.49988, 8.00013, 5.25013, 8.24987], "texture": "#0"}
			}
		},
		{
			"from": [7.77756, -9.59662, 8.35011],
			"to": [8.77756, -8.59662, 8.85011],
			"rotation": {"angle": 45, "axis": "y", "origin": [8.14951, -8.10427, 7.38358]},
			"faces": {
				"north": {"uv": [1.25013, 7.75013, 1.49988, 7.99988], "texture": "#0"},
				"east": {"uv": [1.50013, 7.75013, 1.74988, 7.99988], "texture": "#0"},
				"south": {"uv": [1.75013, 7.75013, 1.99988, 7.99988], "texture": "#0"},
				"up": {"uv": [2.74988, 7.99988, 2.50013, 7.75013], "texture": "#0"},
				"down": {"uv": [2.99988, 7.75013, 2.75013, 7.99988], "texture": "#0"}
			}
		},
		{
			"from": [7.77756, -2.59662, 8.35011],
			"to": [8.77756, -1.09662, 8.85011],
			"rotation": {"angle": 45, "axis": "y", "origin": [8.14951, -1.10427, 7.38358]},
			"faces": {
				"north": {"uv": [2.75013, 7.00013, 2.99988, 7.49988], "texture": "#0"},
				"east": {"uv": [5.25013, 7.00013, 5.49988, 7.49988], "texture": "#0"},
				"south": {"uv": [7.00013, 7.00013, 7.24988, 7.49988], "texture": "#0"},
				"up": {"uv": [7.99988, 7.24988, 7.75013, 7.00013], "texture": "#0"},
				"down": {"uv": [7.99988, 7.25013, 7.75013, 7.49988], "texture": "#0"}
			}
		},
		{
			"from": [7.55538, -9.59662, 8.31619],
			"to": [8.55538, -8.59662, 8.81619],
			"rotation": {"angle": -45, "axis": "y", "origin": [8.14951, -8.10427, 7.38358]},
			"faces": {
				"north": {"uv": [6.00013, 7.75013, 6.24988, 7.99988], "texture": "#0"},
				"south": {"uv": [6.50013, 7.75013, 6.74988, 7.99988], "texture": "#0"},
				"west": {"uv": [6.75013, 7.75013, 6.99988, 7.99988], "texture": "#0"},
				"up": {"uv": [7.24988, 7.99988, 7.00013, 7.75013], "texture": "#0"},
				"down": {"uv": [7.49988, 7.75013, 7.25013, 7.99988], "texture": "#0"}
			}
		},
		{
			"from": [7.55538, -2.59662, 8.31619],
			"to": [8.55538, -1.09662, 8.81619],
			"rotation": {"angle": -45, "axis": "y", "origin": [8.14951, -1.10427, 7.38358]},
			"faces": {
				"north": {"uv": [6.25013, 6.75013, 6.49988, 7.24988], "texture": "#0"},
				"south": {"uv": [6.75013, 6.75013, 6.99988, 7.24988], "texture": "#0"},
				"west": {"uv": [6.75013, 0.00013, 6.99988, 0.49988], "texture": "#0"},
				"up": {"uv": [7.99988, 5.74988, 7.75013, 5.50013], "texture": "#0"},
				"down": {"uv": [7.99988, 5.75013, 7.75013, 5.99988], "texture": "#0"}
			}
		},
		{
			"from": [8.55538, -9.59662, 6.69487],
			"to": [9.55538, -8.59662, 7.19487],
			"rotation": {"angle": -45, "axis": "y", "origin": [8.14951, -8.10427, 7.38358]},
			"faces": {
				"north": {"uv": [3.00013, 7.75013, 3.24988, 7.99988], "texture": "#0"},
				"east": {"uv": [3.25013, 7.75013, 3.49988, 7.99988], "texture": "#0"},
				"south": {"uv": [3.50013, 7.75013, 3.74988, 7.99988], "texture": "#0"},
				"up": {"uv": [5.74988, 7.99988, 5.50013, 7.75013], "texture": "#0"},
				"down": {"uv": [5.99988, 7.75013, 5.75013, 7.99988], "texture": "#0"}
			}
		},
		{
			"from": [8.55538, -2.59662, 6.69487],
			"to": [9.55538, -1.09662, 7.19487],
			"rotation": {"angle": -45, "axis": "y", "origin": [8.14951, -1.10427, 7.38358]},
			"faces": {
				"north": {"uv": [7.00013, 0.50013, 7.24988, 0.99988], "texture": "#0"},
				"east": {"uv": [7.00013, 1.00013, 7.24988, 1.49988], "texture": "#0"},
				"south": {"uv": [7.00013, 1.50013, 7.24988, 1.99988], "texture": "#0"},
				"up": {"uv": [7.99988, 7.74988, 7.75013, 7.50013], "texture": "#0"},
				"down": {"uv": [1.24988, 8.00013, 1.00013, 8.24987], "texture": "#0"}
			}
		},
		{
			"from": [6.77756, -9.59662, 6.72879],
			"to": [7.77756, -8.59662, 7.22879],
			"rotation": {"angle": 45, "axis": "y", "origin": [8.14951, -8.10427, 7.38358]},
			"faces": {
				"north": {"uv": [7.50013, 7.75013, 7.74988, 7.99988], "texture": "#0"},
				"south": {"uv": [7.75013, 0.00013, 7.99988, 0.24988], "texture": "#0"},
				"west": {"uv": [7.75013, 0.25013, 7.99988, 0.49988], "texture": "#0"},
				"up": {"uv": [7.99988, 0.74988, 7.75013, 0.50013], "texture": "#0"},
				"down": {"uv": [7.99988, 0.75013, 7.75013, 0.99988], "texture": "#0"}
			}
		},
		{
			"from": [6.77756, -2.59662, 6.72879],
			"to": [7.77756, -1.09662, 7.22879],
			"rotation": {"angle": 45, "axis": "y", "origin": [8.14951, -1.10427, 7.38358]},
			"faces": {
				"north": {"uv": [6.75013, 0.50013, 6.99988, 0.99988], "texture": "#0"},
				"south": {"uv": [6.75013, 2.50013, 6.99988, 2.99988], "texture": "#0"},
				"west": {"uv": [6.75013, 3.00013, 6.99988, 3.49988], "texture": "#0"},
				"up": {"uv": [7.99988, 6.24988, 7.75013, 6.00013], "texture": "#0"},
				"down": {"uv": [7.99988, 6.25013, 7.75013, 6.49988], "texture": "#0"}
			}
		},
		{
			"from": [7.97625, -9.59662, 8.36245],
			"to": [8.97625, -8.59662, 8.86245],
			"rotation": {"angle": -22.5, "axis": "y", "origin": [8.14951, -8.10427, 7.38358]},
			"faces": {
				"east": {"uv": [7.50013, 1.75013, 7.74988, 1.99988], "texture": "#0"},
				"south": {"uv": [7.50013, 2.00013, 7.74988, 2.24987], "texture": "#0"},
				"up": {"uv": [7.74988, 2.74988, 7.50013, 2.50013], "texture": "#0"},
				"down": {"uv": [7.74988, 2.75013, 7.50013, 2.99988], "texture": "#0"}
			}
		},
		{
			"from": [7.97625, -2.59662, 8.36245],
			"to": [8.97625, -1.09662, 8.86245],
			"rotation": {"angle": -22.5, "axis": "y", "origin": [8.14951, -1.10427, 7.38358]},
			"faces": {
				"east": {"uv": [6.50013, 2.75013, 6.74988, 3.24988], "texture": "#0"},
				"south": {"uv": [6.50013, 3.25013, 6.74988, 3.74988], "texture": "#0"},
				"up": {"uv": [7.99988, 5.24988, 7.75013, 5.00012], "texture": "#0"},
				"down": {"uv": [7.99988, 5.25013, 7.75013, 5.49988], "texture": "#0"}
			}
		},
		{
			"from": [7.5553, -9.59662, 6.92097],
			"to": [8.5553, -8.59662, 7.42097],
			"rotation": {"angle": 22.5, "axis": "y", "origin": [8.14951, -8.10427, 7.38358]},
			"faces": {
				"north": {"uv": [7.50013, 6.00013, 7.74988, 6.24988], "texture": "#0"},
				"east": {"uv": [7.50013, 6.25013, 7.74988, 6.49988], "texture": "#0"},
				"up": {"uv": [7.74988, 7.24988, 7.50013, 7.00013], "texture": "#0"},
				"down": {"uv": [1.24988, 7.75013, 1.00013, 7.99988], "texture": "#0"}
			}
		},
		{
			"from": [7.5553, -2.59662, 6.92097],
			"to": [8.5553, -1.09662, 7.42097],
			"rotation": {"angle": 22.5, "axis": "y", "origin": [8.14951, -1.10427, 7.38358]},
			"faces": {
				"north": {"uv": [7.00013, 4.50012, 7.24988, 4.99988], "texture": "#0"},
				"east": {"uv": [7.00013, 5.00012, 7.24988, 5.49988], "texture": "#0"},
				"up": {"uv": [1.99988, 8.24987, 1.75013, 8.00013], "texture": "#0"},
				"down": {"uv": [2.24987, 8.00013, 2.00013, 8.24987], "texture": "#0"}
			}
		},
		{
			"from": [7.36709, -9.59662, 8.38081],
			"to": [8.36709, -8.59662, 8.88081],
			"rotation": {"angle": 22.5, "axis": "y", "origin": [8.14951, -8.10427, 7.38358]},
			"faces": {
				"south": {"uv": [7.50013, 3.50013, 7.74988, 3.74988], "texture": "#0"},
				"west": {"uv": [7.50013, 3.75013, 7.74988, 3.99988], "texture": "#0"},
				"up": {"uv": [7.74988, 4.24988, 7.50013, 4.00012], "texture": "#0"},
				"down": {"uv": [7.74988, 4.25012, 7.50013, 4.49988], "texture": "#0"}
			}
		},
		{
			"from": [7.36709, -2.59662, 8.38081],
			"to": [8.36709, -1.09662, 8.88081],
			"rotation": {"angle": 22.5, "axis": "y", "origin": [8.14951, -1.10427, 7.38358]},
			"faces": {
				"south": {"uv": [1.00013, 7.00013, 1.24988, 7.49988], "texture": "#0"},
				"west": {"uv": [2.25013, 7.00013, 2.49987, 7.49988], "texture": "#0"},
				"up": {"uv": [7.99988, 6.74988, 7.75013, 6.50013], "texture": "#0"},
				"down": {"uv": [7.99988, 6.75013, 7.75013, 6.99988], "texture": "#0"}
			}
		},
		{
			"from": [7.78804, -9.59662, 6.90261],
			"to": [8.78804, -8.59662, 7.40261],
			"rotation": {"angle": -22.5, "axis": "y", "origin": [8.14951, -8.10427, 7.38358]},
			"faces": {
				"north": {"uv": [7.50013, 4.50012, 7.74988, 4.74988], "texture": "#0"},
				"west": {"uv": [7.50013, 5.25013, 7.74988, 5.49988], "texture": "#0"},
				"up": {"uv": [7.74988, 5.74988, 7.50013, 5.50013], "texture": "#0"},
				"down": {"uv": [7.74988, 5.75013, 7.50013, 5.99988], "texture": "#0"}
			}
		},
		{
			"from": [7.78804, -2.59662, 6.90261],
			"to": [8.78804, -1.09662, 7.40261],
			"rotation": {"angle": -22.5, "axis": "y", "origin": [8.14951, -1.10427, 7.38358]},
			"faces": {
				"north": {"uv": [7.00013, 2.50013, 7.24988, 2.99988], "texture": "#0"},
				"west": {"uv": [7.00013, 4.00012, 7.24988, 4.49988], "texture": "#0"},
				"up": {"uv": [1.49988, 8.24987, 1.25013, 8.00013], "texture": "#0"},
				"down": {"uv": [1.74988, 8.00013, 1.50013, 8.24987], "texture": "#0"}
			}
		},
		{
			"from": [8.43685, -10.22561, 7.18358],
			"to": [9.43685, -9.22561, 8.68358],
			"rotation": {"angle": -22.5, "axis": "z", "origin": [8.14951, -8.10427, 7.38358]},
			"faces": {
				"north": {"uv": [5.25013, 7.50013, 5.49988, 7.74988], "texture": "#0"},
				"east": {"uv": [6.25013, 2.25013, 6.74988, 2.49987], "texture": "#0"},
				"south": {"uv": [5.75013, 7.50013, 5.99988, 7.74988], "texture": "#0"},
				"west": {"uv": [6.25013, 2.50013, 6.74988, 2.74988], "texture": "#0"},
				"up": {"uv": [6.49988, 3.24988, 6.25013, 2.75013], "texture": "#0"},
				"down": {"uv": [6.49988, 3.25013, 6.25013, 3.74988], "texture": "#0"}
			}
		},
		{
			"from": [10.00564, -12.72978, 7.38358],
			"to": [11.00564, -9.97978, 8.38358],
			"rotation": {"angle": -22.5, "axis": "z", "origin": [7.68757, -6.91293, 7.38358]},
			"faces": {
				"north": {"uv": [1.25013, 0.50013, 1.49988, 1.24988], "texture": "#0"},
				"east": {"uv": [1.50013, 0.00013, 1.74988, 0.74988], "texture": "#0"},
				"south": {"uv": [1.50013, 0.75013, 1.74988, 1.49988], "texture": "#0"},
				"west": {"uv": [2.50013, 1.75013, 2.74988, 2.49987], "texture": "#0"},
				"down": {"uv": [3.49988, 3.00013, 3.25013, 3.24988], "texture": "#0"}
			}
		},
		{
			"from": [11.14717, -10.73614, 7.38358],
			"to": [12.64717, -9.98614, 8.38358],
			"rotation": {"angle": -45, "axis": "z", "origin": [8.16223, -7.17303, 7.38358]},
			"faces": {
				"north": {"uv": [2.00013, 1.75013, 2.49987, 1.99988], "texture": "#0"},
				"east": {"uv": [7.25013, 1.50013, 7.49988, 1.74988], "texture": "#0"},
				"south": {"uv": [3.00013, 2.75013, 3.49988, 2.99988], "texture": "#0"}
			}
		},
		{
			"from": [10.64814, -11.43412, 7.38358],
			"to": [11.14814, -10.68412, 8.38358],
			"rotation": {"angle": -22.5, "axis": "z", "origin": [7.98545, -7.3498, 7.38358]},
			"faces": {
				"north": {"uv": [7.25013, 2.50013, 7.49988, 2.74988], "texture": "#0"},
				"east": {"uv": [7.25013, 2.75013, 7.49988, 2.99988], "texture": "#0"},
				"south": {"uv": [7.25013, 3.00013, 7.49988, 3.24988], "texture": "#0"}
			}
		},
		{
			"from": [5.30359, -11.61469, 7.38358],
			"to": [6.80359, -10.86469, 8.38358],
			"rotation": {"angle": 22.5, "axis": "z", "origin": [8.42196, -7.51201, 7.38358]},
			"faces": {
				"north": {"uv": [6.00013, 5.25013, 6.49988, 5.49988], "texture": "#0"},
				"south": {"uv": [6.00013, 5.75013, 6.49988, 5.99988], "texture": "#0"},
				"west": {"uv": [7.25013, 4.25012, 7.49988, 4.49988], "texture": "#0"}
			}
		},
		{
			"from": [6.82398, -11.80283, 7.38358],
			"to": [7.32398, -11.05283, 8.38358],
			"rotation": {"angle": 0, "axis": "z", "origin": [8.51763, -7.74298, 7.38358]},
			"faces": {
				"north": {"uv": [7.25013, 5.00012, 7.49988, 5.24988], "texture": "#0"},
				"south": {"uv": [7.25013, 5.50013, 7.49988, 5.74988], "texture": "#0"},
				"west": {"uv": [7.25013, 5.75013, 7.49988, 5.99988], "texture": "#0"}
			}
		},
		{
			"from": [8.12385, -11.46805, 7.38358],
			"to": [9.62385, -10.71805, 8.38358],
			"rotation": {"angle": -22.5, "axis": "z", "origin": [8.51763, -7.99298, 7.38358]},
			"faces": {
				"north": {"uv": [6.25013, 3.75013, 6.74988, 3.99988], "texture": "#0"},
				"south": {"uv": [6.25013, 4.00012, 6.74988, 4.24988], "texture": "#0"},
				"west": {"uv": [7.25013, 7.50013, 7.49988, 7.74988], "texture": "#0"}
			}
		},
		{
			"from": [6.82788, -11.3242, 7.38358],
			"to": [8.32788, -10.5742, 8.38358],
			"rotation": {"angle": 22.5, "axis": "z", "origin": [7.88978, -7.83077, 7.38358]},
			"faces": {
				"north": {"uv": [6.25013, 4.75012, 6.74988, 4.99988], "texture": "#0"},
				"east": {"uv": [7.50013, 7.50013, 7.74988, 7.74988], "texture": "#0"},
				"south": {"uv": [6.25013, 5.00012, 6.74988, 5.24988], "texture": "#0"}
			}
		},
		{
			"from": [4.93601, -10.53302, 7.38358],
			"to": [7.43601, -9.78302, 8.38358],
			"rotation": {"angle": 45, "axis": "z", "origin": [7.98545, -8.06174, 7.38358]},
			"faces": {
				"north": {"uv": [2.75013, 1.75013, 3.49988, 1.99988], "texture": "#0"},
				"east": {"uv": [7.50013, 0.50013, 7.74988, 0.74988], "texture": "#0"},
				"south": {"uv": [2.75013, 2.00013, 3.49988, 2.24987], "texture": "#0"}
			}
		},
		{
			"from": [9.00532, -10.66131, 7.38358],
			"to": [10.50532, -9.91131, 8.38358],
			"rotation": {"angle": -45, "axis": "z", "origin": [8.42196, -8.22395, 7.38358]},
			"faces": {
				"north": {"uv": [6.25013, 6.50013, 6.74988, 6.74988], "texture": "#0"},
				"south": {"uv": [6.50013, 1.25013, 6.99988, 1.49988], "texture": "#0"},
				"west": {"uv": [7.50013, 1.25013, 7.74988, 1.49988], "texture": "#0"}
			}
		},
		{
			"from": [9.13141, -11.64062, 7.38358],
			"to": [9.63141, -10.89062, 8.38358],
			"rotation": {"angle": 0, "axis": "z", "origin": [7.88978, -7.58077, 7.38358]},
			"faces": {
				"north": {"uv": [7.25013, 6.50013, 7.49988, 6.74988], "texture": "#0"},
				"east": {"uv": [7.25013, 6.75013, 7.49988, 6.99988], "texture": "#0"},
				"south": {"uv": [7.25013, 7.00013, 7.49988, 7.24988], "texture": "#0"}
			}
		},
		{
			"from": [3.79416, -10.93227, 7.38358],
			"to": [5.29416, -10.18227, 8.38358],
			"rotation": {"angle": 45, "axis": "z", "origin": [8.24518, -7.33524, 7.38358]},
			"faces": {
				"north": {"uv": [4.75012, 3.75013, 5.24988, 3.99988], "texture": "#0"},
				"south": {"uv": [4.75012, 4.50012, 5.24988, 4.74988], "texture": "#0"},
				"west": {"uv": [7.25013, 2.25013, 7.49988, 2.49987], "texture": "#0"}
			}
		},
		{
			"from": [5.37576, -12.93948, 7.38358],
			"to": [6.12576, -12.18948, 8.38358],
			"rotation": {"angle": 22.5, "axis": "z", "origin": [8.14951, -7.10427, 7.38358]},
			"faces": {
				"north": {"uv": [6.75013, 6.50013, 6.99988, 6.74988], "texture": "#0"},
				"south": {"uv": [7.25013, 0.50013, 7.49988, 0.74988], "texture": "#0"},
				"west": {"uv": [7.25013, 0.75013, 7.49988, 0.99988], "texture": "#0"}
			}
		},
		{
			"name": "hexadecagon",
			"from": [8.11693, -8.59662, 7.37701],
			"to": [8.31585, -1.59662, 8.37701],
			"rotation": {"angle": -45, "axis": "y", "origin": [8.21639, -8.09662, 7.87701]},
			"faces": {
				"north": {"uv": [1.75013, 0.00013, 1.99988, 1.74988], "texture": "#0"},
				"south": {"uv": [2.25013, 0.00013, 2.49987, 1.74988], "texture": "#0"},
				"up": {"uv": [7.99988, 1.24988, 7.75013, 1.00013], "texture": "#0"},
				"down": {"uv": [7.99988, 1.25013, 7.75013, 1.49988], "texture": "#0"}
			}
		},
		{
			"name": "hexadecagon",
			"from": [8.11693, -8.59662, 7.37701],
			"to": [8.31585, -1.59662, 8.37701],
			"rotation": {"angle": -22.5, "axis": "y", "origin": [8.21639, -8.09662, 7.87701]},
			"faces": {
				"north": {"uv": [2.75013, 0.00013, 2.99988, 1.74988], "texture": "#0"},
				"south": {"uv": [3.25013, 0.00013, 3.49988, 1.74988], "texture": "#0"},
				"up": {"uv": [7.99988, 1.74988, 7.75013, 1.50013], "texture": "#0"},
				"down": {"uv": [7.99988, 1.75013, 7.75013, 1.99988], "texture": "#0"}
			}
		},
		{
			"name": "hexadecagon",
			"from": [8.11693, -8.59662, 7.37701],
			"to": [8.31585, -1.59662, 8.37701],
			"rotation": {"angle": 0, "axis": "y", "origin": [8.21639, -8.09662, 7.87701]},
			"faces": {
				"north": {"uv": [3.50013, 1.75013, 3.74988, 3.49988], "texture": "#0"},
				"south": {"uv": [5.00012, 1.75013, 5.24988, 3.49988], "texture": "#0"}
			}
		},
		{
			"name": "hexadecagon",
			"from": [8.11693, -8.59662, 7.37701],
			"to": [8.31585, -1.59662, 8.37701],
			"rotation": {"angle": 22.5, "axis": "y", "origin": [8.21639, -8.09662, 7.87701]},
			"faces": {
				"north": {"uv": [5.25013, 5.25013, 5.49988, 6.99988], "texture": "#0"},
				"south": {"uv": [5.25013, 1.75013, 5.49988, 3.49988], "texture": "#0"},
				"up": {"uv": [7.99988, 2.74988, 7.75013, 2.50013], "texture": "#0"},
				"down": {"uv": [7.99988, 2.75013, 7.75013, 2.99988], "texture": "#0"}
			}
		},
		{
			"name": "hexadecagon",
			"from": [8.11693, -8.59662, 7.37701],
			"to": [8.31585, -1.59662, 8.37701],
			"rotation": {"angle": 45, "axis": "y", "origin": [8.21639, -8.09662, 7.87701]},
			"faces": {
				"north": {"uv": [1.25013, 5.50013, 1.49988, 7.24988], "texture": "#0"},
				"south": {"uv": [5.50013, 0.00013, 5.74988, 1.74988], "texture": "#0"},
				"up": {"uv": [7.99988, 3.24988, 7.75013, 3.00013], "texture": "#0"},
				"down": {"uv": [7.99988, 3.25013, 7.75013, 3.49988], "texture": "#0"}
			}
		},
		{
			"name": "hexadecagon",
			"from": [7.71639, -8.59662, 7.77756],
			"to": [8.71639, -1.59662, 7.97647],
			"rotation": {"angle": -22.5, "axis": "y", "origin": [8.21639, -8.09662, 7.87701]},
			"faces": {
				"east": {"uv": [1.50013, 5.75013, 1.74988, 7.49988], "texture": "#0"},
				"west": {"uv": [5.75013, 0.00013, 5.99988, 1.74988], "texture": "#0"},
				"up": {"uv": [7.99988, 3.74988, 7.75013, 3.50013], "texture": "#0"},
				"down": {"uv": [7.99988, 3.75013, 7.75013, 3.99988], "texture": "#0"}
			}
		},
		{
			"name": "hexadecagon",
			"from": [7.71639, -8.59662, 7.77756],
			"to": [8.71639, -1.59662, 7.97647],
			"rotation": {"angle": 0, "axis": "y", "origin": [8.21639, -8.09662, 7.87701]},
			"faces": {
				"east": {"uv": [5.75013, 3.50013, 5.99988, 5.24988], "texture": "#0"},
				"west": {"uv": [6.00013, 6.00013, 6.24988, 7.74988], "texture": "#0"}
			}
		},
		{
			"name": "hexadecagon",
			"from": [7.71639, -8.59662, 7.77756],
			"to": [8.71639, -1.59662, 7.97647],
			"rotation": {"angle": 22.5, "axis": "y", "origin": [8.21639, -8.09662, 7.87701]},
			"faces": {
				"east": {"uv": [6.00013, 1.75013, 6.24988, 3.49988], "texture": "#0"},
				"west": {"uv": [2.00013, 6.25013, 2.24987, 7.99988], "texture": "#0"},
				"up": {"uv": [7.99988, 4.74988, 7.75013, 4.50012], "texture": "#0"},
				"down": {"uv": [7.99988, 4.75012, 7.75013, 4.99988], "texture": "#0"}
			}
		}
	],
	"display": {
		"thirdperson_righthand": {
			"rotation": [0, 90, 0],
			"translation": [0, 6.75, 1.25],
			"scale": [0.65, 0.65, 0.65]
		},
		"thirdperson_lefthand": {
			"rotation": [0, 90, 0],
			"translation": [0, 6.75, 1.25],
			"scale": [0.65, 0.65, 0.65]
		},
		"firstperson_righthand": {
			"rotation": [0, 90, 0],
			"translation": [5.25, 7, -0.25],
			"scale": [0.65, 0.65, 0.65]
		},
		"firstperson_lefthand": {
			"rotation": [0, 90, 0],
			"translation": [4.75, 7.5, 0],
			"scale": [0.65, 0.65, 0.65]
		},
		"ground": {
			"translation": [0, 8.5, 0],
			"scale": [0.65, 0.65, 0.65]
		},
		"gui": {
			"translation": [0, 4.75, 0],
			"scale": [0.65, 0.65, 0.65]
		},
		"fixed": {
			"translation": [0, 4.75, 0],
			"scale": [0.65, 0.65, 0.65]
		}
	},
	"groups": [0, 1, 2, 3, 4, 5, 6, 7, 8, 9, 10, 11, 12, 13, 14, 15, 16, 17, 18, 19, 20, 21, 22, 23, 24, 25, 26, 27, 28, 29, 30, 31, 32, 33, 34, 35, 36, 37, 38, 39, 40, 41, 42, 43, 44,
		{
			"name": "hexadecagon",
			"origin": [8, 8, 8],
			"children": [45, 46, 47, 48, 49, 50, 51, 52]
		}
	]
}