{
	"credit": "Made with Blockbench",
	"texture_size": [128, 128],
	"textures": {
		"0": "elitemobs:blocks/shield_texture",
		"1": "elitemobs:blocks/shield_deco",
		"particle": "elitemobs:blocks/shield_deco"
	},
	"elements": [
		{
			"from": [7, -5, 7],
			"to": [8, 31, 14],
			"rotation": {"angle": 0, "axis": "y", "origin": [15, 7, 21]},
			"faces": {
				"north": {"uv": [2.5, 6.25, 2.625, 10.75], "texture": "#0"},
				"east": {"uv": [6.55975, 0.768, 9.63513, 15.46788], "texture": "#1"},
				"south": {"uv": [6.375, 6.375, 6.5, 10.875], "texture": "#0"},
				"west": {"uv": [2.625, 2.625, 3.5, 7.125], "texture": "#0"},
				"up": {"uv": [5.25, 0.875, 5.125, 0], "texture": "#0"},
				"down": {"uv": [6.5, 5.5, 6.375, 6.375], "texture": "#0"}
			}
		},
		{
			"from": [6.35104, 31, 6.61256],
			"to": [8.35104, 32, 14.31256],
			"rotation": {"angle": 0, "axis": "y", "origin": [14.35104, 8, 20.61256]},
			"faces": {
				"north": {"uv": [7.75, 1.875, 8, 2], "texture": "#0"},
				"east": {"uv": [7.375, 7.125, 8.375, 7.25], "texture": "#0"},
				"south": {"uv": [7.75, 2, 8, 2.125], "texture": "#0"},
				"west": {"uv": [7.375, 7.25, 8.375, 7.375], "texture": "#0"},
				"up": {"uv": [5.25, 2, 5, 1], "texture": "#0"},
				"down": {"uv": [6.375, 4.5, 6.125, 5.5], "texture": "#0"}
			}
		},
		{
			"from": [5.35104, 19, 6.61256],
			"to": [7.35104, 20, 14.31256],
			"rotation": {"angle": 0, "axis": "y", "origin": [13.35104, -4, 20.61256]},
			"faces": {
				"north": {"uv": [7.75, 5, 8, 5.125], "texture": "#0"},
				"east": {"uv": [7.5, 3.5, 8.5, 3.625], "texture": "#0"},
				"south": {"uv": [7.75, 5.125, 8, 5.25], "texture": "#0"},
				"west": {"uv": [7.5, 3.625, 8.5, 3.75], "texture": "#0"},
				"up": {"uv": [7.25, 2, 7, 1], "texture": "#0"},
				"down": {"uv": [7.25, 2, 7, 3], "texture": "#0"}
			}
		},
		{
			"from": [5.35104, 13, 6.61256],
			"to": [7.35104, 14, 14.31256],
			"rotation": {"angle": 0, "axis": "y", "origin": [13.35104, -10, 20.61256]},
			"faces": {
				"north": {"uv": [7.875, 7.875, 8.125, 8], "texture": "#0"},
				"east": {"uv": [7.5, 4, 8.5, 4.125], "texture": "#0"},
				"south": {"uv": [7.875, 0, 8.125, 0.125], "texture": "#0"},
				"west": {"uv": [7.5, 4.125, 8.5, 4.25], "texture": "#0"},
				"up": {"uv": [2.875, 8.125, 2.625, 7.125], "texture": "#0"},
				"down": {"uv": [3.125, 7.125, 2.875, 8.125], "texture": "#0"}
			}
		},
		{
			"from": [6.35104, -6, 6.61256],
			"to": [8.35104, -5, 14.31256],
			"rotation": {"angle": 0, "axis": "y", "origin": [14.35104, -29, 20.61256]},
			"faces": {
				"north": {"uv": [7.75, 2.125, 8, 2.25], "texture": "#0"},
				"east": {"uv": [7.5, 2.75, 8.5, 2.875], "texture": "#0"},
				"south": {"uv": [7.75, 2.25, 8, 2.375], "texture": "#0"},
				"west": {"uv": [7.5, 2.875, 8.5, 3], "texture": "#0"},
				"up": {"uv": [6.625, 5.5, 6.375, 4.5], "texture": "#0"},
				"down": {"uv": [6.75, 5.5, 6.5, 6.5], "texture": "#0"}
			}
		},
		{
			"from": [5.35104, 6, 6.61256],
			"to": [7.35104, 7, 14.31256],
			"rotation": {"angle": 0, "axis": "y", "origin": [13.35104, -17, 20.61256]},
			"faces": {
				"north": {"uv": [7.75, 5.25, 8, 5.375], "texture": "#0"},
				"east": {"uv": [7.5, 3.75, 8.5, 3.875], "texture": "#0"},
				"south": {"uv": [7.75, 5.375, 8, 5.5], "texture": "#0"},
				"west": {"uv": [7.5, 3.875, 8.5, 4], "texture": "#0"},
				"up": {"uv": [7.25, 4, 7, 3], "texture": "#0"},
				"down": {"uv": [7.25, 5.5, 7, 6.5], "texture": "#0"}
			}
		},
		{
			"from": [9.14594, -5, -3.21163],
			"to": [10.14594, 31, 3.78837],
			"rotation": {"angle": 22.5, "axis": "y", "origin": [17.14594, 7, 10.78837]},
			"faces": {
				"north": {"uv": [6.375, 0, 6.5, 4.5], "texture": "#0"},
				"east": {"uv": [9.59963, 1.087, 11.39463, 15.23938], "texture": "#1"},
				"south": {"uv": [6.5, 6.5, 6.625, 11], "texture": "#0"},
				"west": {"uv": [4.375, 4.375, 5.25, 8.875], "texture": "#0"},
				"up": {"uv": [7.625, 6.125, 7.5, 5.25], "texture": "#0"},
				"down": {"uv": [7.75, 7.625, 7.625, 8.5], "texture": "#0"}
			}
		},
		{
			"from": [8.5731, 31, -3.21638],
			"to": [10.5731, 32, 3.78362],
			"rotation": {"angle": 22.5, "axis": "y", "origin": [16.5731, 8, 10.78362]},
			"faces": {
				"north": {"uv": [7.625, 2.625, 7.875, 2.75], "texture": "#0"},
				"east": {"uv": [1.75, 1.625, 2.625, 1.75], "texture": "#0"},
				"south": {"uv": [7.625, 7.5, 7.875, 7.625], "texture": "#0"},
				"west": {"uv": [2.625, 2.375, 3.5, 2.5], "texture": "#0"},
				"up": {"uv": [1.125, 0.875, 0.875, 0], "texture": "#0"},
				"down": {"uv": [1.375, 0, 1.125, 0.875], "texture": "#0"}
			}
		},
		{
			"from": [7.5731, 19, -0.21638],
			"to": [9.5731, 20, 3.78362],
			"rotation": {"angle": 22.5, "axis": "y", "origin": [15.5731, -4, 10.78362]},
			"faces": {
				"north": {"uv": [7.75, 5.75, 8, 5.875], "texture": "#0"},
				"east": {"uv": [5.25, 5.125, 5.75, 5.25], "texture": "#0"},
				"south": {"uv": [7.75, 5.875, 8, 6], "texture": "#0"},
				"west": {"uv": [6.625, 6.5, 7.125, 6.625], "texture": "#0"},
				"up": {"uv": [3.375, 2.375, 3.125, 1.875], "texture": "#0"},
				"down": {"uv": [4.625, 1.125, 4.375, 1.625], "texture": "#0"}
			}
		},
		{
			"from": [7.5731, 6, -0.21638],
			"to": [9.5731, 7, 3.78362],
			"rotation": {"angle": 22.5, "axis": "y", "origin": [15.5731, -17, 10.78362]},
			"faces": {
				"north": {"uv": [7.75, 6, 8, 6.125], "texture": "#0"},
				"east": {"uv": [7.5, 6.125, 8, 6.25], "texture": "#0"},
				"south": {"uv": [7.75, 6.625, 8, 6.75], "texture": "#0"},
				"west": {"uv": [7.5, 6.25, 8, 6.375], "texture": "#0"},
				"up": {"uv": [5.5, 5, 5.25, 4.5], "texture": "#0"},
				"down": {"uv": [5.75, 4.5, 5.5, 5], "texture": "#0"}
			}
		},
		{
			"from": [8.5731, -6, -3.21638],
			"to": [10.5731, -5, 3.78362],
			"rotation": {"angle": 22.5, "axis": "y", "origin": [16.5731, -29, 10.78362]},
			"faces": {
				"north": {"uv": [7.75, 4.25, 8, 4.375], "texture": "#0"},
				"east": {"uv": [3.5, 3.375, 4.375, 3.5], "texture": "#0"},
				"south": {"uv": [7.75, 4.375, 8, 4.5], "texture": "#0"},
				"west": {"uv": [4.375, 4.125, 5.25, 4.25], "texture": "#0"},
				"up": {"uv": [7.375, 8, 7.125, 7.125], "texture": "#0"},
				"down": {"uv": [7.375, 4, 7.125, 4.875], "texture": "#0"}
			}
		},
		{
			"from": [7.22071, -5, -13.46716],
			"to": [8.22071, 31, -6.46716],
			"rotation": {"angle": 45, "axis": "y", "origin": [15.22071, 7, 0.53284]},
			"faces": {
				"north": {"uv": [6.5, 0, 6.625, 4.5], "texture": "#0"},
				"east": {"uv": [3.87113, 1.18362, 4.68075, 14.60963], "texture": "#1"},
				"south": {"uv": [6.625, 6.625, 6.75, 11.125], "texture": "#0"},
				"west": {"uv": [5.25, 5.25, 6.125, 9.75], "texture": "#0"},
				"up": {"uv": [7.75, 0.875, 7.625, 0], "texture": "#0"},
				"down": {"uv": [7.75, 0.875, 7.625, 1.75], "texture": "#0"}
			}
		},
		{
			"from": [6.86464, 31, -14.14749],
			"to": [8.86464, 32, -6.14749],
			"rotation": {"angle": 45, "axis": "y", "origin": [14.86464, 8, 0.85251]},
			"faces": {
				"north": {"uv": [7.125, 6.5, 7.375, 6.625], "texture": "#0"},
				"east": {"uv": [7, 6.875, 8, 7], "texture": "#0"},
				"south": {"uv": [7.5, 7.375, 7.75, 7.5], "texture": "#0"},
				"west": {"uv": [7.125, 7, 8.125, 7.125], "texture": "#0"},
				"up": {"uv": [5.125, 3.125, 4.875, 2.125], "texture": "#0"},
				"down": {"uv": [5.125, 3.125, 4.875, 4.125], "texture": "#0"}
			}
		},
		{
			"from": [6.86464, -6, -14.14749],
			"to": [8.86464, -5, -6.14749],
			"rotation": {"angle": 45, "axis": "y", "origin": [14.86464, -29, 0.85251]},
			"faces": {
				"north": {"uv": [7.75, 2.375, 8, 2.5], "texture": "#0"},
				"east": {"uv": [7.5, 3, 8.5, 3.125], "texture": "#0"},
				"south": {"uv": [7.75, 2.5, 8, 2.625], "texture": "#0"},
				"west": {"uv": [7.5, 3.125, 8.5, 3.25], "texture": "#0"},
				"up": {"uv": [6.875, 5.5, 6.625, 4.5], "texture": "#0"},
				"down": {"uv": [7, 5.5, 6.75, 6.5], "texture": "#0"}
			}
		},
		{
			"from": [5.45, -5, -14.2],
			"to": [7.45, 31, -13.2],
			"rotation": {"angle": 45, "axis": "y", "origin": [14.22071, 7, -0.88137]},
			"faces": {
				"north": {"uv": [6.125, 6.125, 6.375, 10.625], "texture": "#0"},
				"east": {"uv": [6.75, 0, 6.875, 4.5], "texture": "#0"},
				"south": {"uv": [6.125, 0, 6.375, 4.5], "texture": "#0"},
				"west": {"uv": [6.875, 6.875, 7, 11.375], "texture": "#0"},
				"up": {"uv": [2.5, 1.5, 2.25, 1.375], "texture": "#0"},
				"down": {"uv": [2.5, 1.5, 2.25, 1.625], "texture": "#0"}
			}
		},
		{
			"from": [-8.3, -5, 15.45],
			"to": [-6.3, 31, 16.45],
			"rotation": {"angle": -45, "axis": "y", "origin": [-15.22071, 7, 29.11863]},
			"faces": {
				"north": {"uv": [1.75, 6.25, 2, 10.75], "texture": "#0"},
				"east": {"uv": [6.875, 0, 7, 4.5], "texture": "#0"},
				"south": {"uv": [2, 6.25, 2.25, 10.75], "texture": "#0"},
				"west": {"uv": [7, 7, 7.125, 11.5], "texture": "#0"},
				"up": {"uv": [4.625, 1.75, 4.375, 1.625], "texture": "#0"},
				"down": {"uv": [4.625, 1.75, 4.375, 1.875], "texture": "#0"}
			}
		},
		{
			"from": [-2.63575, 7, 6.96325],
			"to": [-1.63575, 20, 7.96325],
			"rotation": {"angle": -45, "axis": "y", "origin": [-10.55646, 6, 20.63188]},
			"faces": {
				"north": {"uv": [2.5, 0, 2.625, 1.625], "texture": "#0"},
				"east": {"uv": [7.25, 1.75, 7.375, 3.375], "texture": "#0"},
				"south": {"uv": [7.25, 4.875, 7.375, 6.5], "texture": "#0"},
				"west": {"uv": [7.375, 7.375, 7.5, 9], "texture": "#0"},
				"up": {"uv": [3.5, 2, 3.375, 1.875], "texture": "#0"},
				"down": {"uv": [3.5, 2, 3.375, 2.125], "texture": "#0"}
			}
		},
		{
			"from": [11.02491, 7, -6.62893],
			"to": [12.02491, 20, -5.62893],
			"rotation": {"angle": 45, "axis": "y", "origin": [19.94562, 6, 7.0397]},
			"faces": {
				"north": {"uv": [7.375, 1.75, 7.5, 3.375], "texture": "#0"},
				"east": {"uv": [7.375, 3.375, 7.5, 5], "texture": "#0"},
				"south": {"uv": [7.375, 5, 7.5, 6.625], "texture": "#0"},
				"west": {"uv": [7.5, 7.5, 7.625, 9.125], "texture": "#0"},
				"up": {"uv": [3.5, 2.25, 3.375, 2.125], "texture": "#0"},
				"down": {"uv": [3.5, 2.25, 3.375, 2.375], "texture": "#0"}
			}
		},
		{
			"from": [1.10959, -5, 15.6131],
			"to": [2.10959, 31, 22.6131],
			"rotation": {"angle": -22.5, "axis": "y", "origin": [9.10959, 7, 29.6131]},
			"faces": {
				"north": {"uv": [2.25, 6.25, 2.375, 10.75], "texture": "#0"},
				"east": {"uv": [4.73575, 0.73575, 6.563, 15.43525], "texture": "#1"},
				"south": {"uv": [2.375, 6.25, 2.5, 10.75], "texture": "#0"},
				"west": {"uv": [0.875, 0.875, 1.75, 5.375], "texture": "#0"},
				"up": {"uv": [1.75, 0.875, 1.625, 0], "texture": "#0"},
				"down": {"uv": [4.875, 2.125, 4.75, 3], "texture": "#0"}
			}
		},
		{
			"from": [0.56661, 31, 15.57485],
			"to": [2.56661, 32, 22.57485],
			"rotation": {"angle": -22.5, "axis": "y", "origin": [8.56661, 8, 29.57485]},
			"faces": {
				"north": {"uv": [7.75, 1.625, 8, 1.75], "texture": "#0"},
				"east": {"uv": [2.625, 2.5, 3.5, 2.625], "texture": "#0"},
				"south": {"uv": [7.75, 1.75, 8, 1.875], "texture": "#0"},
				"west": {"uv": [3.5, 3.25, 4.375, 3.375], "texture": "#0"},
				"up": {"uv": [1.625, 0.875, 1.375, 0], "texture": "#0"},
				"down": {"uv": [3.5, 7.125, 3.25, 8], "texture": "#0"}
			}
		},
		{
			"from": [-0.43339, 19, 15.57485],
			"to": [1.56661, 20, 19.57485],
			"rotation": {"angle": -22.5, "axis": "y", "origin": [7.56661, -4, 29.57485]},
			"faces": {
				"north": {"uv": [7.75, 5.5, 8, 5.625], "texture": "#0"},
				"east": {"uv": [1.75, 1.375, 2.25, 1.5], "texture": "#0"},
				"south": {"uv": [7.75, 5.625, 8, 5.75], "texture": "#0"},
				"west": {"uv": [1.75, 1.5, 2.25, 1.625], "texture": "#0"},
				"up": {"uv": [2.875, 2.375, 2.625, 1.875], "texture": "#0"},
				"down": {"uv": [3.125, 1.875, 2.875, 2.375], "texture": "#0"}
			}
		},
		{
			"from": [-0.43339, 6, 15.57485],
			"to": [1.56661, 7, 19.57485],
			"rotation": {"angle": -22.5, "axis": "y", "origin": [7.56661, -17, 29.57485]},
			"faces": {
				"north": {"uv": [7.75, 7.375, 8, 7.5], "texture": "#0"},
				"east": {"uv": [7.5, 6.375, 8, 6.5], "texture": "#0"},
				"south": {"uv": [7.75, 7.625, 8, 7.75], "texture": "#0"},
				"west": {"uv": [7.5, 6.5, 8, 6.625], "texture": "#0"},
				"up": {"uv": [6, 5, 5.75, 4.5], "texture": "#0"},
				"down": {"uv": [6.375, 5.5, 6.125, 6], "texture": "#0"}
			}
		},
		{
			"from": [0.56661, -6, 15.57485],
			"to": [2.56661, -5, 22.57485],
			"rotation": {"angle": -22.5, "axis": "y", "origin": [8.56661, -29, 29.57485]},
			"faces": {
				"north": {"uv": [7.75, 4.5, 8, 4.625], "texture": "#0"},
				"east": {"uv": [4.375, 4.25, 5.25, 4.375], "texture": "#0"},
				"south": {"uv": [7.75, 4.625, 8, 4.75], "texture": "#0"},
				"west": {"uv": [5.25, 5, 6.125, 5.125], "texture": "#0"},
				"up": {"uv": [7.5, 0.875, 7.25, 0], "texture": "#0"},
				"down": {"uv": [7.5, 0.875, 7.25, 1.75], "texture": "#0"}
			}
		},
		{
			"from": [-7.62853, -5, 21.3164],
			"to": [-6.62853, 31, 28.3164],
			"rotation": {"angle": -45, "axis": "y", "origin": [0.37147, 7, 35.3164]},
			"faces": {
				"north": {"uv": [6.625, 0, 6.75, 4.5], "texture": "#0"},
				"east": {"uv": [3.80763, 2.04788, 4.67875, 13.51963], "texture": "#1"},
				"south": {"uv": [6.75, 6.75, 6.875, 11.25], "texture": "#0"},
				"west": {"uv": [0.875, 5.375, 1.75, 9.875], "texture": "#0"},
				"up": {"uv": [7.75, 2.625, 7.625, 1.75], "texture": "#0"},
				"down": {"uv": [7.75, 5.25, 7.625, 6.125], "texture": "#0"}
			}
		},
		{
			"from": [-7.95474, 31, 20.95373],
			"to": [-5.95474, 32, 28.95373],
			"rotation": {"angle": -45, "axis": "y", "origin": [0.04526, 8, 34.95373]},
			"faces": {
				"north": {"uv": [5.75, 5.125, 6, 5.25], "texture": "#0"},
				"east": {"uv": [6.75, 6.625, 7.75, 6.75], "texture": "#0"},
				"south": {"uv": [6.125, 6, 6.375, 6.125], "texture": "#0"},
				"west": {"uv": [6.875, 6.75, 7.875, 6.875], "texture": "#0"},
				"up": {"uv": [5, 2.125, 4.75, 1.125], "texture": "#0"},
				"down": {"uv": [5.125, 0, 4.875, 1], "texture": "#0"}
			}
		},
		{
			"from": [-7.95474, -6, 20.95373],
			"to": [-5.95474, -5, 28.95373],
			"rotation": {"angle": -45, "axis": "y", "origin": [0.04526, -29, 34.95373]},
			"faces": {
				"north": {"uv": [7.75, 4.75, 8, 4.875], "texture": "#0"},
				"east": {"uv": [7.5, 3.25, 8.5, 3.375], "texture": "#0"},
				"south": {"uv": [7.75, 4.875, 8, 5], "texture": "#0"},
				"west": {"uv": [7.5, 3.375, 8.5, 3.5], "texture": "#0"},
				"up": {"uv": [7.125, 5.5, 6.875, 4.5], "texture": "#0"},
				"down": {"uv": [7.25, 0, 7, 1], "texture": "#0"}
			}
		}
	],
	"display": {
		"thirdperson_righthand": {
			"translation": [6.25, -6, 4.75],
			"scale": [0.5, 0.7, 0.4]
		},
		"thirdperson_lefthand": {
			"rotation": [0, -180, 0],
			"translation": [5.75, -5, 7],
			"scale": [0.5, 0.7, 0.4]
		},
		"firstperson_righthand": {
			"rotation": [0, 90, 0],
			"translation": [0, -2.75, 0],
			"scale": [0.5, 0.7, 0.4]
		},
		"firstperson_lefthand": {
			"rotation": [0, -90, 0],
			"translation": [0, -2.75, 0],
			"scale": [0.5, 0.7, 0.4]
		},
		"ground": {
			"translation": [0, 5.25, 0],
			"scale": [0.3, 0.5, 0.3]
		},
		"gui": {
			"rotation": [0, -90, 0],
			"translation": [0.5, -2.25, 0],
			"scale": [0.25, 0.42813, 0.24883]
		},
		"fixed": {
			"rotation": [0, 90, 0],
			"translation": [-0.5, -3.25, -5.25],
			"scale": [0.5, 0.7, 0.4]
		}
	}
}