{
	"credit": "Made with Blockbench",
	"texture_size": [128, 128],
	"textures": {
		"0": "elitemobs:blocks/sword_textures",
		"1": "elitemobs:blocks/sword_textures2",
		"2": "elitemobs:blocks/blade_texture",
		"3": "elitemobs:blocks/carvings",
		"4": "elitemobs:items/great_sword",
		"particle": "elitemobs:blocks/sword_textures"
	},
	"elements": [
		{
			"name": "octagon",
			"from": [8.7, 0, 28.58579],
			"to": [9, 1, 29.41421],
			"rotation": {"angle": 0, "axis": "y", "origin": [8, 1, 29]},
			"faces": {
				"east": {"uv": [2, 2, 2.5, 2.5], "texture": "#0"},
				"west": {"uv": [2, 0.5, 2.5, 1], "texture": "#0"},
				"up": {"uv": [2.5, 1.5, 2, 1], "texture": "#0"},
				"down": {"uv": [0.5, 2.5, 0, 3], "texture": "#0"}
			}
		},
		{
			"name": "octagon",
			"from": [7.58579, 0, 28],
			"to": [8.41421, 1, 28.3],
			"rotation": {"angle": 45, "axis": "y", "origin": [8, 1, 29]},
			"faces": {
				"north": {"uv": [0.5, 2.5, 1, 3], "texture": "#0"},
				"south": {"uv": [1, 2.5, 1.5, 3], "texture": "#0"},
				"up": {"uv": [2, 3, 1.5, 2.5], "texture": "#0"},
				"down": {"uv": [2.5, 2.5, 2, 3], "texture": "#0"}
			}
		},
		{
			"name": "octagon",
			"from": [7.58579, 0, 28],
			"to": [8.41421, 1, 28.3],
			"rotation": {"angle": 0, "axis": "y", "origin": [8, 1, 29]},
			"faces": {
				"north": {"uv": [2.5, 2.5, 3, 3], "texture": "#0"},
				"south": {"uv": [2.5, 0, 3, 0.5], "texture": "#0"},
				"up": {"uv": [3, 1, 2.5, 0.5], "texture": "#0"},
				"down": {"uv": [3, 1, 2.5, 1.5], "texture": "#0"}
			}
		},
		{
			"name": "octagon",
			"from": [7.75, 0.23431, 27.7],
			"to": [8.25, 0.83431, 28],
			"rotation": {"angle": 0, "axis": "y", "origin": [8, 1.03431, 28]},
			"faces": {
				"north": {"uv": [2.5, 5.5, 3, 6], "texture": "#0"},
				"up": {"uv": [5, 6, 4.5, 5.5], "texture": "#0"},
				"down": {"uv": [5.5, 5.5, 5, 6], "texture": "#0"}
			}
		},
		{
			"name": "octagon",
			"from": [7.935, 0.185, 26.98],
			"to": [8.085, 0.885, 27.13],
			"rotation": {"angle": 0, "axis": "y", "origin": [8, 1.03431, 27]},
			"faces": {
				"north": {"uv": [9, 9, 9.5, 9.5], "texture": "#0"},
				"east": {"uv": [9, 0, 9.5, 0.5], "texture": "#0"},
				"south": {"uv": [9, 0.5, 9.5, 1], "texture": "#0"},
				"west": {"uv": [9, 1, 9.5, 1.5], "texture": "#0"},
				"up": {"uv": [9.5, 2, 9, 1.5], "texture": "#0"},
				"down": {"uv": [9.5, 2, 9, 2.5], "texture": "#0"}
			}
		},
		{
			"name": "octagon",
			"from": [7.935, 0.185, 26.175],
			"to": [8.085, 0.885, 26.325],
			"rotation": {"angle": 0, "axis": "y", "origin": [8, 1.03431, 25]},
			"faces": {
				"north": {"uv": [9, 9, 9.5, 9.5], "texture": "#0"},
				"east": {"uv": [9, 0, 9.5, 0.5], "texture": "#0"},
				"south": {"uv": [9, 0.5, 9.5, 1], "texture": "#0"},
				"west": {"uv": [9, 1, 9.5, 1.5], "texture": "#0"},
				"up": {"uv": [9.5, 2, 9, 1.5], "texture": "#0"},
				"down": {"uv": [9.5, 2, 9, 2.5], "texture": "#0"}
			}
		},
		{
			"name": "octagon",
			"from": [7.935, 0.185, 25.375],
			"to": [8.085, 0.885, 25.525],
			"rotation": {"angle": 0, "axis": "y", "origin": [8, 1.03431, 24]},
			"faces": {
				"north": {"uv": [9, 9, 9.5, 9.5], "texture": "#0"},
				"east": {"uv": [9, 0, 9.5, 0.5], "texture": "#0"},
				"south": {"uv": [9, 0.5, 9.5, 1], "texture": "#0"},
				"west": {"uv": [9, 1, 9.5, 1.5], "texture": "#0"},
				"up": {"uv": [9.5, 2, 9, 1.5], "texture": "#0"},
				"down": {"uv": [9.5, 2, 9, 2.5], "texture": "#0"}
			}
		},
		{
			"name": "octagon",
			"from": [7.935, 0.185, 24.575],
			"to": [8.085, 0.885, 24.725],
			"rotation": {"angle": 0, "axis": "y", "origin": [8, 1.03431, 23]},
			"faces": {
				"north": {"uv": [9, 9, 9.5, 9.5], "texture": "#0"},
				"east": {"uv": [9, 0, 9.5, 0.5], "texture": "#0"},
				"south": {"uv": [9, 0.5, 9.5, 1], "texture": "#0"},
				"west": {"uv": [9, 1, 9.5, 1.5], "texture": "#0"},
				"up": {"uv": [9.5, 2, 9, 1.5], "texture": "#0"},
				"down": {"uv": [9.5, 2, 9, 2.5], "texture": "#0"}
			}
		},
		{
			"name": "octagon",
			"from": [7.935, 0.185, 23.7785],
			"to": [8.085, 0.885, 23.9285],
			"rotation": {"angle": 0, "axis": "y", "origin": [8, 1.03431, 22]},
			"faces": {
				"north": {"uv": [9, 9, 9.5, 9.5], "texture": "#0"},
				"east": {"uv": [9, 0, 9.5, 0.5], "texture": "#0"},
				"south": {"uv": [9, 0.5, 9.5, 1], "texture": "#0"},
				"west": {"uv": [9, 1, 9.5, 1.5], "texture": "#0"},
				"up": {"uv": [9.5, 2, 9, 1.5], "texture": "#0"},
				"down": {"uv": [9.5, 2, 9, 2.5], "texture": "#0"}
			}
		},
		{
			"name": "octagon",
			"from": [7.935, 0.185, 22.98],
			"to": [8.085, 0.885, 23.13],
			"rotation": {"angle": 0, "axis": "y", "origin": [8, 1.03431, 21]},
			"faces": {
				"north": {"uv": [9, 9, 9.5, 9.5], "texture": "#0"},
				"east": {"uv": [9, 0, 9.5, 0.5], "texture": "#0"},
				"south": {"uv": [9, 0.5, 9.5, 1], "texture": "#0"},
				"west": {"uv": [9, 1, 9.5, 1.5], "texture": "#0"},
				"up": {"uv": [9.5, 2, 9, 1.5], "texture": "#0"},
				"down": {"uv": [9.5, 2, 9, 2.5], "texture": "#0"}
			}
		},
		{
			"name": "octagon",
			"from": [7.855, 0.015, 22.5],
			"to": [8.155, 1.015, 22.8],
			"rotation": {"angle": 0, "axis": "y", "origin": [8, 2.03431, 21]},
			"faces": {
				"north": {"uv": [13.875, 5.875, 14.375, 6.375], "texture": "#0"},
				"south": {"uv": [13.375, 1.5, 13.875, 2], "texture": "#0"},
				"up": {"uv": [16, 3.625, 15.5, 3.125], "texture": "#0"},
				"down": {"uv": [14.375, 8, 13.875, 8.5], "texture": "#0"}
			}
		},
		{
			"name": "octagon",
			"from": [9.17319, 0.015, 23.04187],
			"to": [9.38319, 1.015, 23.19187],
			"rotation": {"angle": -45, "axis": "y", "origin": [9.31819, 2.03431, 21.54187]},
			"faces": {
				"north": {"uv": [12.625, 9, 13.125, 9.5], "texture": "#0"},
				"east": {"uv": [9, 0, 9.5, 0.5], "texture": "#0"},
				"up": {"uv": [14.25, 4.5, 13.75, 4], "texture": "#0"},
				"down": {"uv": [16, 9.25, 15.5, 9.75], "texture": "#0"}
			}
		},
		{
			"name": "octagon",
			"from": [6.62681, 0.015, 23.04187],
			"to": [6.83681, 1.015, 23.19187],
			"rotation": {"angle": 45, "axis": "y", "origin": [6.69181, 2.03431, 21.54187]},
			"faces": {
				"north": {"uv": [16, 8, 15.5, 8.5], "texture": "#0"},
				"west": {"uv": [9.5, 0, 9, 0.5], "texture": "#0"},
				"up": {"uv": [13.75, 4.5, 14.25, 4], "texture": "#0"},
				"down": {"uv": [13, 7.5, 13.5, 8], "texture": "#0"}
			}
		},
		{
			"name": "octagon",
			"from": [6.9458, 0.015, 23.03074],
			"to": [7.1558, 1.015, 23.18074],
			"rotation": {"angle": 45, "axis": "y", "origin": [7.0908, 2.03431, 21.53074]},
			"faces": {
				"east": {"uv": [9, 0, 9.5, 0.5], "texture": "#0"},
				"south": {"uv": [13, 0, 13.5, 0.5], "texture": "#0"},
				"up": {"uv": [14.25, 4.5, 13.75, 4], "texture": "#0"},
				"down": {"uv": [13.25, 8.875, 12.75, 9.375], "texture": "#0"}
			}
		},
		{
			"name": "octagon",
			"from": [8.8542, 0.015, 23.03074],
			"to": [9.0642, 1.015, 23.18074],
			"rotation": {"angle": -45, "axis": "y", "origin": [8.9192, 2.03431, 21.53074]},
			"faces": {
				"south": {"uv": [15.25, 0.625, 14.75, 1.125], "texture": "#0"},
				"west": {"uv": [9.5, 0, 9, 0.5], "texture": "#0"},
				"up": {"uv": [13.75, 4.5, 14.25, 4], "texture": "#0"},
				"down": {"uv": [13, 5.5, 13.5, 6], "texture": "#0"}
			}
		},
		{
			"name": "octagon",
			"from": [7.935, 0.185, 27.78],
			"to": [8.085, 0.885, 27.93],
			"rotation": {"angle": 0, "axis": "y", "origin": [8, 1.03431, 28]},
			"faces": {
				"north": {"uv": [9, 2.5, 9.5, 3], "texture": "#0"},
				"east": {"uv": [9, 3, 9.5, 3.5], "texture": "#0"},
				"south": {"uv": [9, 3.5, 9.5, 4], "texture": "#0"},
				"west": {"uv": [9, 4, 9.5, 4.5], "texture": "#0"},
				"up": {"uv": [9.5, 5, 9, 4.5], "texture": "#0"},
				"down": {"uv": [9.5, 5, 9, 5.5], "texture": "#0"}
			}
		},
		{
			"name": "octagon",
			"from": [7.75, 0.23431, 26.9],
			"to": [8.25, 0.83431, 27.2],
			"rotation": {"angle": 0, "axis": "y", "origin": [8, 1.03431, 27]},
			"faces": {
				"north": {"uv": [6, 6, 6.5, 6.5], "texture": "#0"},
				"south": {"uv": [6, 0.5, 6.5, 1], "texture": "#0"},
				"up": {"uv": [6.5, 2, 6, 1.5], "texture": "#0"},
				"down": {"uv": [6.5, 2, 6, 2.5], "texture": "#0"}
			}
		},
		{
			"name": "octagon",
			"from": [7.75, 0.23431, 26.1],
			"to": [8.25, 0.83431, 26.4],
			"rotation": {"angle": 0, "axis": "y", "origin": [8, 1.03431, 26]},
			"faces": {
				"north": {"uv": [5.5, 6.5, 6, 7], "texture": "#0"},
				"south": {"uv": [6.5, 6.5, 7, 7], "texture": "#0"},
				"up": {"uv": [7, 1, 6.5, 0.5], "texture": "#0"},
				"down": {"uv": [7, 1, 6.5, 1.5], "texture": "#0"}
			}
		},
		{
			"name": "octagon",
			"from": [7.75, 0.23431, 25.3],
			"to": [8.25, 0.83431, 25.6],
			"rotation": {"angle": 0, "axis": "y", "origin": [8, 1.03431, 25]},
			"faces": {
				"north": {"uv": [7, 5.5, 7.5, 6], "texture": "#0"},
				"south": {"uv": [7, 6.5, 7.5, 7], "texture": "#0"},
				"up": {"uv": [1, 8, 0.5, 7.5], "texture": "#0"},
				"down": {"uv": [1.5, 7.5, 1, 8], "texture": "#0"}
			}
		},
		{
			"name": "octagon",
			"from": [7.75, 0.23431, 24.5],
			"to": [8.25, 0.83431, 24.8],
			"rotation": {"angle": 0, "axis": "y", "origin": [8, 1.03431, 24]},
			"faces": {
				"north": {"uv": [1.25, 0.625, 1.75, 1.125], "texture": "#0"},
				"south": {"uv": [2, 8, 2.5, 8.5], "texture": "#0"},
				"up": {"uv": [3.5, 8.5, 3, 8], "texture": "#0"},
				"down": {"uv": [4, 8, 3.5, 8.5], "texture": "#0"}
			}
		},
		{
			"name": "octagon",
			"from": [7.75, 0.23431, 23.7],
			"to": [8.25, 0.83431, 24],
			"rotation": {"angle": 0, "axis": "y", "origin": [8, 1.03431, 23]},
			"faces": {
				"north": {"uv": [2.5, 8.5, 3, 9], "texture": "#0"},
				"south": {"uv": [3.5, 8.5, 4, 9], "texture": "#0"},
				"up": {"uv": [5, 9, 4.5, 8.5], "texture": "#0"},
				"down": {"uv": [5.5, 8.5, 5, 9], "texture": "#0"}
			}
		},
		{
			"name": "octagon",
			"from": [7.75, 0.23431, 22.9],
			"to": [8.25, 0.83431, 23.2],
			"rotation": {"angle": 0, "axis": "y", "origin": [8, 1.03431, 21]},
			"faces": {
				"south": {"uv": [1, 9, 1.5, 9.5], "texture": "#0"},
				"up": {"uv": [2.5, 9.5, 2, 9], "texture": "#0"},
				"down": {"uv": [3, 9, 2.5, 9.5], "texture": "#0"}
			}
		},
		{
			"name": "octagon",
			"from": [7, 0.15, 22.35],
			"to": [9, 0.9, 22.9],
			"rotation": {"angle": 0, "axis": "y", "origin": [8, 1.03431, 21]},
			"faces": {
				"north": {"uv": [2, 0, 4, 1], "texture": "#1"},
				"south": {"uv": [2, 1, 4, 2], "texture": "#1"},
				"up": {"uv": [2, 4, 0, 3], "texture": "#1"},
				"down": {"uv": [4, 3, 2, 4], "texture": "#1"}
			}
		},
		{
			"name": "octagon",
			"from": [7.18, 0.45, 6.8],
			"to": [7.38, 0.56, 22.35],
			"rotation": {"angle": 0, "axis": "y", "origin": [8, 1.03431, 20]},
			"faces": {
				"west": {"uv": [0, 0.5, 8, 1], "texture": "#2"},
				"up": {"uv": [0.5, 9, 0, 1], "texture": "#2"},
				"down": {"uv": [1, 1, 0.5, 9], "texture": "#2"}
			}
		},
		{
			"name": "octagon",
			"from": [7.375, 0.4, 6.8],
			"to": [7.575, 0.6, 22.35],
			"rotation": {"angle": 0, "axis": "y", "origin": [7, 1.03431, 20]},
			"faces": {
				"west": {"uv": [1, 1.5, 9, 2], "texture": "#2"},
				"up": {"uv": [1.5, 10, 1, 2], "texture": "#2"},
				"down": {"uv": [2, 2, 1.5, 10], "texture": "#2"}
			}
		},
		{
			"name": "octagon",
			"from": [7.85, 0.4, 6.5],
			"to": [8.13, 0.6, 7],
			"rotation": {"angle": 0, "axis": "y", "origin": [7, 1.03431, 20]},
			"faces": {
				"up": {"uv": [9, 8, 8.5, 7.5], "texture": "#2"},
				"down": {"uv": [9, 8, 8.5, 8.5], "texture": "#2"}
			}
		},
		{
			"name": "octagon",
			"from": [7.85, 0.4, 6.8],
			"to": [8.13, 0.6, 15.35],
			"rotation": {"angle": 0, "axis": "y", "origin": [7, 1.03431, 20]},
			"faces": {
				"up": {"uv": [6.5, 10, 6, 7], "texture": "#2"},
				"down": {"uv": [7, 7, 6.5, 10], "texture": "#2"}
			}
		},
		{
			"name": "octagon",
			"from": [7.575, 0.32, 6.8],
			"to": [7.875, 0.67, 22.35],
			"rotation": {"angle": 0, "axis": "y", "origin": [7, 1.03431, 20]},
			"faces": {
				"east": {"uv": [2, 2, 10, 2.5], "texture": "#2"},
				"west": {"uv": [2, 2.5, 10, 3], "texture": "#2"},
				"up": {"uv": [2.5, 11, 2, 3], "texture": "#2"},
				"down": {"uv": [3, 3, 2.5, 11], "texture": "#2"}
			}
		},
		{
			"name": "octagon",
			"from": [7.875, 0.32, 13.85],
			"to": [8.175, 0.67, 22.35],
			"rotation": {"angle": 0, "axis": "y", "origin": [7.025, -0.04431, 18.95]},
			"faces": {
				"up": {"uv": [3.5, 12, 4, 4], "texture": "#2"},
				"down": {"uv": [3, 4, 3.5, 12], "texture": "#2"}
			}
		},
		{
			"name": "octagon",
			"from": [8.125, 0.32, 6.8],
			"to": [8.425, 0.67, 22.35],
			"rotation": {"angle": 0, "axis": "y", "origin": [9, 1.03431, 20]},
			"faces": {
				"east": {"uv": [3, 3, 11, 3.5], "texture": "#2"},
				"west": {"uv": [3, 3.5, 11, 4], "texture": "#2"},
				"up": {"uv": [3.5, 12, 3, 4], "texture": "#2"},
				"down": {"uv": [4, 4, 3.5, 12], "texture": "#2"}
			}
		},
		{
			"name": "octagon",
			"from": [13.98268, 0.32, 10.39524],
			"to": [14.38268, 0.67, 10.79524],
			"rotation": {"angle": 45, "axis": "y", "origin": [14.85768, 1.03431, 19.59524]},
			"faces": {
				"north": {"uv": [8, 8, 8.5, 8.5], "texture": "#2"},
				"east": {"uv": [3, 3, 11, 3.5], "texture": "#2"},
				"up": {"uv": [3.5, 12, 3, 4], "texture": "#2"},
				"down": {"uv": [4, 4, 3.5, 12], "texture": "#2"}
			}
		},
		{
			"name": "octagon",
			"from": [1.66732, 0.32, 10.39524],
			"to": [2.06732, 0.67, 10.79524],
			"rotation": {"angle": -45, "axis": "y", "origin": [1.19232, 1.03431, 19.59524]},
			"faces": {
				"north": {"uv": [8.5, 8, 8, 8.5], "texture": "#2"},
				"west": {"uv": [11, 3, 3, 3.5], "texture": "#2"},
				"up": {"uv": [3, 12, 3.5, 4], "texture": "#2"},
				"down": {"uv": [3.5, 4, 4, 12], "texture": "#2"}
			}
		},
		{
			"name": "octagon",
			"from": [8.425, 0.4, 6.8],
			"to": [8.625, 0.6, 22.35],
			"rotation": {"angle": 0, "axis": "y", "origin": [9, 1.03431, 20]},
			"faces": {
				"east": {"uv": [4, 4, 12, 4.5], "texture": "#2"},
				"up": {"uv": [4.5, 13, 4, 5], "texture": "#2"},
				"down": {"uv": [5, 5, 4.5, 13], "texture": "#2"}
			}
		},
		{
			"name": "octagon",
			"from": [8.62, 0.45, 6.8],
			"to": [8.82, 0.56, 22.35],
			"rotation": {"angle": 0, "axis": "y", "origin": [8, 1.03431, 20]},
			"faces": {
				"east": {"uv": [5, 5, 13, 5.5], "texture": "#2"},
				"up": {"uv": [5.5, 14, 5, 6], "texture": "#2"},
				"down": {"uv": [6, 6, 5.5, 14], "texture": "#2"}
			}
		},
		{
			"name": "octagon",
			"from": [2.29577, 0.45, 5.55468],
			"to": [2.49577, 0.56, 6.15468],
			"rotation": {"angle": -22.5, "axis": "y", "origin": [3.11577, 1.03431, 18.75468]},
			"faces": {
				"west": {"uv": [9, 1, 9.5, 1.5], "texture": "#2"},
				"up": {"uv": [9.5, 2, 9, 1.5], "texture": "#2"},
				"down": {"uv": [9.5, 6, 9, 6.5], "texture": "#2"}
			}
		},
		{
			"name": "octagon",
			"from": [2.6525, 0.32, 5.64707],
			"to": [2.9525, 0.67, 6.14707],
			"rotation": {"angle": -22.5, "axis": "y", "origin": [3.4725, 0.90431, 18.84707]},
			"faces": {
				"east": {"uv": [10, 6, 10.5, 6.5], "texture": "#2"},
				"west": {"uv": [10, 7, 10.5, 7.5], "texture": "#2"},
				"up": {"uv": [10.5, 8, 10, 7.5], "texture": "#2"},
				"down": {"uv": [10.5, 8, 10, 8.5], "texture": "#2"}
			}
		},
		{
			"name": "octagon",
			"from": [13.0475, 0.32, 5.64707],
			"to": [13.3475, 0.67, 6.14707],
			"rotation": {"angle": 22.5, "axis": "y", "origin": [12.5275, 0.90431, 18.84707]},
			"faces": {
				"north": {"uv": [10, 10, 10.5, 10.5], "texture": "#2"},
				"east": {"uv": [10, 0, 10.5, 0.5], "texture": "#2"},
				"west": {"uv": [10, 1, 10.5, 1.5], "texture": "#2"},
				"up": {"uv": [10.5, 2, 10, 1.5], "texture": "#2"},
				"down": {"uv": [10.5, 2, 10, 2.5], "texture": "#2"}
			}
		},
		{
			"name": "octagon",
			"from": [2.4525, 0.4, 5.64707],
			"to": [2.6525, 0.6, 6.14707],
			"rotation": {"angle": -22.5, "axis": "y", "origin": [3.2725, 0.98431, 18.84707]},
			"faces": {
				"west": {"uv": [7.5, 9, 8, 9.5], "texture": "#2"},
				"up": {"uv": [8.5, 9.5, 8, 9], "texture": "#2"},
				"down": {"uv": [9, 9, 8.5, 9.5], "texture": "#2"}
			}
		},
		{
			"name": "octagon",
			"from": [13.3475, 0.4, 5.64707],
			"to": [13.5475, 0.6, 6.14707],
			"rotation": {"angle": 22.5, "axis": "y", "origin": [12.7275, 0.98431, 18.84707]},
			"faces": {
				"east": {"uv": [0.5, 10, 1, 10.5], "texture": "#2"},
				"up": {"uv": [6.5, 10.5, 6, 10], "texture": "#2"},
				"down": {"uv": [7, 10, 6.5, 10.5], "texture": "#2"}
			}
		},
		{
			"name": "octagon",
			"from": [13.50042, 0.45, 5.53555],
			"to": [13.70042, 0.56, 6.13555],
			"rotation": {"angle": 22.5, "axis": "y", "origin": [12.93042, 1.03431, 18.73555]},
			"faces": {
				"east": {"uv": [7.5, 10, 8, 10.5], "texture": "#2"},
				"up": {"uv": [9.5, 10.5, 9, 10], "texture": "#2"},
				"down": {"uv": [10, 10, 9.5, 10.5], "texture": "#2"}
			}
		},
		{
			"name": "octagon",
			"from": [17.35929, 0.45, 2.33352],
			"to": [17.55929, 0.56, 3.16852],
			"rotation": {"angle": 45, "axis": "y", "origin": [16.78929, 1.03431, 15.53352]},
			"faces": {
				"north": {"uv": [9.5, 9.5, 10, 10], "texture": "#2"},
				"east": {"uv": [9.5, 0, 10, 0.5], "texture": "#2"},
				"west": {"uv": [9.5, 1, 10, 1.5], "texture": "#2"},
				"up": {"uv": [10, 2, 9.5, 1.5], "texture": "#2"},
				"down": {"uv": [10, 6, 9.5, 6.5], "texture": "#2"}
			}
		},
		{
			"name": "octagon",
			"from": [-1.57394, 0.45, 2.36888],
			"to": [-1.37394, 0.56, 3.20388],
			"rotation": {"angle": -45, "axis": "y", "origin": [-0.75394, 1.03431, 15.56888]},
			"faces": {
				"north": {"uv": [9, 6.5, 9.5, 7], "texture": "#2"},
				"east": {"uv": [9, 7, 9.5, 7.5], "texture": "#2"},
				"west": {"uv": [9, 8, 9.5, 8.5], "texture": "#2"},
				"up": {"uv": [9.5, 9, 9, 8.5], "texture": "#2"},
				"down": {"uv": [0.5, 9.5, 0, 10], "texture": "#2"}
			}
		},
		{
			"name": "octagon",
			"from": [17.28237, 0.32, 2.9032],
			"to": [17.60737, 0.67, 3.2382],
			"rotation": {"angle": 45, "axis": "y", "origin": [16.66237, 0.90431, 16.1032]},
			"faces": {
				"north": {"uv": [10, 8.5, 10.5, 9], "texture": "#2"},
				"east": {"uv": [10, 9, 10.5, 9.5], "texture": "#2"},
				"south": {"uv": [10, 9.5, 10.5, 10], "texture": "#2"},
				"west": {"uv": [0, 10.5, 0.5, 11], "texture": "#2"},
				"up": {"uv": [1, 11, 0.5, 10.5], "texture": "#2"},
				"down": {"uv": [1.5, 10.5, 1, 11], "texture": "#2"}
			}
		},
		{
			"name": "octagon",
			"from": [-1.57076, 0.32, 2.81482],
			"to": [-1.24576, 0.67, 3.14982],
			"rotation": {"angle": -45, "axis": "y", "origin": [-0.75076, 0.90431, 16.01482]},
			"faces": {
				"north": {"uv": [1.5, 10.5, 2, 11], "texture": "#2"},
				"east": {"uv": [6, 10.5, 6.5, 11], "texture": "#2"},
				"south": {"uv": [6.5, 10.5, 7, 11], "texture": "#2"},
				"west": {"uv": [7, 10.5, 7.5, 11], "texture": "#2"},
				"up": {"uv": [8, 11, 7.5, 10.5], "texture": "#2"},
				"down": {"uv": [8.5, 10.5, 8, 11], "texture": "#2"}
			}
		},
		{
			"name": "octagon",
			"from": [17.37277, 0.4, 2.61683],
			"to": [17.57277, 0.6, 3.23183],
			"rotation": {"angle": 45, "axis": "y", "origin": [16.75277, 0.98431, 15.81683]},
			"faces": {
				"north": {"uv": [9.5, 6.5, 10, 7], "texture": "#2"},
				"east": {"uv": [9.5, 7, 10, 7.5], "texture": "#2"},
				"west": {"uv": [9.5, 8, 10, 8.5], "texture": "#2"},
				"up": {"uv": [10, 9, 9.5, 8.5], "texture": "#2"},
				"down": {"uv": [10, 9, 9.5, 9.5], "texture": "#2"}
			}
		},
		{
			"name": "octagon",
			"from": [-1.57277, 0.4, 2.61683],
			"to": [-1.37277, 0.6, 3.23183],
			"rotation": {"angle": -45, "axis": "y", "origin": [-0.75277, 0.98431, 15.81683]},
			"faces": {
				"north": {"uv": [0.5, 9.5, 1, 10], "texture": "#2"},
				"east": {"uv": [7, 9.5, 7.5, 10], "texture": "#2"},
				"west": {"uv": [8, 9.5, 8.5, 10], "texture": "#2"},
				"up": {"uv": [9, 10, 8.5, 9.5], "texture": "#2"},
				"down": {"uv": [9.5, 9.5, 9, 10], "texture": "#2"}
			}
		},
		{
			"name": "octagon",
			"from": [8.85, 0.15, 21.85549],
			"to": [8.95, 0.9, 22.40549],
			"rotation": {"angle": 22.5, "axis": "y", "origin": [9.78609, 1.03431, 20.35549]},
			"faces": {
				"north": {"uv": [4, 8, 5, 9], "texture": "#1"},
				"east": {"uv": [5, 8, 6, 9], "texture": "#1"},
				"south": {"uv": [6, 8, 7, 9], "texture": "#1"},
				"west": {"uv": [7, 8, 8, 9], "texture": "#1"},
				"up": {"uv": [9, 9, 8, 8], "texture": "#1"},
				"down": {"uv": [9, 0, 8, 1], "texture": "#1"}
			}
		},
		{
			"name": "octagon",
			"from": [7.05, 0.15, 21.85549],
			"to": [7.15, 0.9, 22.40549],
			"rotation": {"angle": -22.5, "axis": "y", "origin": [6.21391, 1.03431, 20.35549]},
			"faces": {
				"north": {"uv": [8, 10, 9, 11], "texture": "#1"},
				"east": {"uv": [9, 10, 10, 11], "texture": "#1"},
				"south": {"uv": [10, 10, 11, 11], "texture": "#1"},
				"west": {"uv": [10, 0, 11, 1], "texture": "#1"},
				"up": {"uv": [11, 2, 10, 1], "texture": "#1"},
				"down": {"uv": [11, 2, 10, 3], "texture": "#1"}
			}
		},
		{
			"name": "octagon",
			"from": [9, 0.15, 21.85549],
			"to": [9.1, 0.9, 22.40549],
			"rotation": {"angle": 22.5, "axis": "y", "origin": [9.78609, 1.03431, 20.35549]},
			"faces": {
				"north": {"uv": [7, 5, 8, 6], "texture": "#1"},
				"east": {"uv": [7, 6, 8, 7], "texture": "#1"},
				"south": {"uv": [0, 8, 1, 9], "texture": "#1"},
				"west": {"uv": [1, 8, 2, 9], "texture": "#1"},
				"up": {"uv": [3, 9, 2, 8], "texture": "#1"},
				"down": {"uv": [4, 8, 3, 9], "texture": "#1"}
			}
		},
		{
			"name": "octagon",
			"from": [6.9, 0.15, 21.85549],
			"to": [7, 0.9, 22.40549],
			"rotation": {"angle": -22.5, "axis": "y", "origin": [6.21391, 1.03431, 20.35549]},
			"faces": {
				"north": {"uv": [10, 3, 11, 4], "texture": "#1"},
				"east": {"uv": [10, 4, 11, 5], "texture": "#1"},
				"south": {"uv": [10, 5, 11, 6], "texture": "#1"},
				"west": {"uv": [10, 6, 11, 7], "texture": "#1"},
				"up": {"uv": [11, 8, 10, 7], "texture": "#1"},
				"down": {"uv": [11, 8, 10, 9], "texture": "#1"}
			}
		},
		{
			"name": "octagon",
			"from": [9.85, 0.15, 21.85549],
			"to": [9.95, 0.9, 22.40549],
			"rotation": {"angle": 22.5, "axis": "y", "origin": [9.78609, 1.03431, 20.35549]},
			"faces": {
				"north": {"uv": [1, 7, 2, 8], "texture": "#1"},
				"east": {"uv": [2, 7, 3, 8], "texture": "#1"},
				"south": {"uv": [3, 7, 4, 8], "texture": "#1"},
				"west": {"uv": [4, 7, 5, 8], "texture": "#1"},
				"up": {"uv": [6, 8, 5, 7], "texture": "#1"},
				"down": {"uv": [7, 7, 6, 8], "texture": "#1"}
			}
		},
		{
			"name": "octagon",
			"from": [6.05, 0.15, 21.85549],
			"to": [6.15, 0.9, 22.40549],
			"rotation": {"angle": -22.5, "axis": "y", "origin": [6.21391, 1.03431, 20.35549]},
			"faces": {
				"north": {"uv": [6, 12, 7, 13], "texture": "#1"},
				"east": {"uv": [7, 12, 8, 13], "texture": "#1"},
				"south": {"uv": [8, 12, 9, 13], "texture": "#1"},
				"west": {"uv": [9, 12, 10, 13], "texture": "#1"},
				"up": {"uv": [11, 13, 10, 12], "texture": "#1"},
				"down": {"uv": [12, 12, 11, 13], "texture": "#1"}
			}
		},
		{
			"name": "octagon",
			"from": [10, 0.15, 21.85549],
			"to": [10.1, 0.9, 22.40549],
			"rotation": {"angle": 22.5, "axis": "y", "origin": [9.78609, 1.03431, 20.35549]},
			"faces": {
				"north": {"uv": [6, 1, 7, 2], "texture": "#1"},
				"east": {"uv": [6, 2, 7, 3], "texture": "#1"},
				"south": {"uv": [6, 3, 7, 4], "texture": "#1"},
				"west": {"uv": [6, 4, 7, 5], "texture": "#1"},
				"up": {"uv": [7, 6, 6, 5], "texture": "#1"},
				"down": {"uv": [1, 7, 0, 8], "texture": "#1"}
			}
		},
		{
			"name": "octagon",
			"from": [5.9, 0.15, 21.85549],
			"to": [6, 0.9, 22.40549],
			"rotation": {"angle": -22.5, "axis": "y", "origin": [6.21391, 1.03431, 20.35549]},
			"faces": {
				"north": {"uv": [0, 12, 1, 13], "texture": "#1"},
				"east": {"uv": [1, 12, 2, 13], "texture": "#1"},
				"south": {"uv": [2, 12, 3, 13], "texture": "#1"},
				"west": {"uv": [3, 12, 4, 13], "texture": "#1"},
				"up": {"uv": [5, 13, 4, 12], "texture": "#1"},
				"down": {"uv": [6, 12, 5, 13], "texture": "#1"}
			}
		},
		{
			"name": "octagon",
			"from": [11.13777, 0.15, 21.66451],
			"to": [11.26277, 0.9, 22.01451],
			"rotation": {"angle": 0, "axis": "y", "origin": [10.77386, 1.03431, 20.16451]},
			"faces": {
				"north": {"uv": [4, 1, 5, 2], "texture": "#1"},
				"east": {"uv": [4, 2, 5, 3], "texture": "#1"},
				"south": {"uv": [4, 3, 5, 4], "texture": "#1"},
				"west": {"uv": [0, 5, 1, 6], "texture": "#1"},
				"up": {"uv": [2, 6, 1, 5], "texture": "#1"},
				"down": {"uv": [3, 5, 2, 6], "texture": "#1"}
			}
		},
		{
			"name": "octagon",
			"from": [4.73723, 0.15, 21.66451],
			"to": [4.86223, 0.9, 22.01451],
			"rotation": {"angle": 0, "axis": "y", "origin": [5.22614, 1.03431, 20.16451]},
			"faces": {
				"north": {"uv": [11, 11, 12, 12], "texture": "#1"},
				"east": {"uv": [11, 0, 12, 1], "texture": "#1"},
				"south": {"uv": [11, 1, 12, 2], "texture": "#1"},
				"west": {"uv": [11, 2, 12, 3], "texture": "#1"},
				"up": {"uv": [12, 4, 11, 3], "texture": "#1"},
				"down": {"uv": [12, 4, 11, 5], "texture": "#1"}
			}
		},
		{
			"name": "octagon",
			"from": [9.97322, 0.15, 22.20303],
			"to": [10.09822, 0.9, 22.55303],
			"rotation": {"angle": 45, "axis": "y", "origin": [9.60931, 1.03431, 20.70303]},
			"faces": {
				"north": {"uv": [3, 5, 4, 6], "texture": "#1"},
				"east": {"uv": [4, 5, 5, 6], "texture": "#1"},
				"south": {"uv": [5, 5, 6, 6], "texture": "#1"},
				"west": {"uv": [5, 1, 6, 2], "texture": "#1"},
				"up": {"uv": [6, 3, 5, 2], "texture": "#1"},
				"down": {"uv": [6, 3, 5, 4], "texture": "#1"}
			}
		},
		{
			"name": "octagon",
			"from": [4.54069, 0.15, 20.21413],
			"to": [4.89069, 0.9, 20.33913],
			"rotation": {"angle": 45, "axis": "y", "origin": [6.39069, 1.03431, 20.70303]},
			"faces": {
				"north": {"uv": [11, 5, 12, 6], "texture": "#1"},
				"east": {"uv": [11, 6, 12, 7], "texture": "#1"},
				"south": {"uv": [11, 7, 12, 8], "texture": "#1"},
				"west": {"uv": [11, 8, 12, 9], "texture": "#1"},
				"up": {"uv": [12, 10, 11, 9], "texture": "#1"},
				"down": {"uv": [12, 10, 11, 11], "texture": "#1"}
			}
		},
		{
			"name": "octagon",
			"from": [10.15, 0.15, 21.85549],
			"to": [10.4, 0.9, 22.40549],
			"rotation": {"angle": 22.5, "axis": "y", "origin": [9.78609, 1.03431, 20.35549]},
			"faces": {
				"north": {"uv": [2, 6, 3, 7], "texture": "#1"},
				"east": {"uv": [3, 6, 4, 7], "texture": "#1"},
				"south": {"uv": [4, 6, 5, 7], "texture": "#1"},
				"west": {"uv": [5, 6, 6, 7], "texture": "#1"},
				"up": {"uv": [7, 7, 6, 6], "texture": "#1"},
				"down": {"uv": [7, 0, 6, 1], "texture": "#1"}
			}
		},
		{
			"name": "octagon",
			"from": [5.6, 0.15, 21.85549],
			"to": [5.85, 0.9, 22.40549],
			"rotation": {"angle": -22.5, "axis": "y", "origin": [6.21391, 1.03431, 20.35549]},
			"faces": {
				"north": {"uv": [5, 11, 6, 12], "texture": "#1"},
				"east": {"uv": [6, 11, 7, 12], "texture": "#1"},
				"south": {"uv": [7, 11, 8, 12], "texture": "#1"},
				"west": {"uv": [8, 11, 9, 12], "texture": "#1"},
				"up": {"uv": [10, 12, 9, 11], "texture": "#1"},
				"down": {"uv": [11, 11, 10, 12], "texture": "#1"}
			}
		},
		{
			"name": "octagon",
			"from": [9.2, 0.15, 22.12336],
			"to": [9.85, 0.9, 22.67336],
			"rotation": {"angle": 22.5, "axis": "y", "origin": [9.13938, 1.03431, 20.62336]},
			"faces": {
				"north": {"uv": [7, 7, 8, 8], "texture": "#1"},
				"east": {"uv": [7, 0, 8, 1], "texture": "#1"},
				"south": {"uv": [7, 1, 8, 2], "texture": "#1"},
				"west": {"uv": [7, 2, 8, 3], "texture": "#1"},
				"up": {"uv": [8, 4, 7, 3], "texture": "#1"},
				"down": {"uv": [8, 4, 7, 5], "texture": "#1"}
			}
		},
		{
			"name": "octagon",
			"from": [6.15, 0.15, 22.12336],
			"to": [6.8, 0.9, 22.67336],
			"rotation": {"angle": -22.5, "axis": "y", "origin": [6.86062, 1.03431, 20.62336]},
			"faces": {
				"north": {"uv": [10, 9, 11, 10], "texture": "#1"},
				"east": {"uv": [0, 11, 1, 12], "texture": "#1"},
				"south": {"uv": [1, 11, 2, 12], "texture": "#1"},
				"west": {"uv": [2, 11, 3, 12], "texture": "#1"},
				"up": {"uv": [4, 12, 3, 11], "texture": "#1"},
				"down": {"uv": [5, 11, 4, 12], "texture": "#1"}
			}
		},
		{
			"name": "octagon",
			"from": [8.13938, 0.15, 22.12336],
			"to": [8.83938, 0.9, 22.67336],
			"rotation": {"angle": 22.5, "axis": "y", "origin": [9.13938, 1.03431, 20.62336]},
			"faces": {
				"north": {"uv": [8, 1, 9, 2], "texture": "#1"},
				"east": {"uv": [8, 2, 9, 3], "texture": "#1"},
				"south": {"uv": [8, 3, 9, 4], "texture": "#1"},
				"up": {"uv": [9, 6, 8, 5], "texture": "#1"},
				"down": {"uv": [9, 6, 8, 7], "texture": "#1"}
			}
		},
		{
			"name": "octagon",
			"from": [7.16062, 0.15, 22.12336],
			"to": [7.86062, 0.9, 22.67336],
			"rotation": {"angle": -22.5, "axis": "y", "origin": [6.86062, 1.03431, 20.62336]},
			"faces": {
				"north": {"uv": [0, 10, 1, 11], "texture": "#1"},
				"south": {"uv": [2, 10, 3, 11], "texture": "#1"},
				"west": {"uv": [3, 10, 4, 11], "texture": "#1"},
				"up": {"uv": [5, 11, 4, 10], "texture": "#1"},
				"down": {"uv": [6, 10, 5, 11], "texture": "#1"}
			}
		},
		{
			"name": "octagon",
			"from": [8.77817, 0.2, 21.91],
			"to": [10.52817, 0.85, 22.36],
			"rotation": {"angle": 22.5, "axis": "y", "origin": [9.77817, 1.03431, 20.36701]},
			"faces": {
				"north": {"uv": [0, 0, 2, 1], "texture": "#1"},
				"south": {"uv": [0, 1, 2, 2], "texture": "#1"},
				"up": {"uv": [2, 3, 0, 2], "texture": "#1"},
				"down": {"uv": [4, 2, 2, 3], "texture": "#1"}
			}
		},
		{
			"name": "octagon",
			"from": [5.47183, 0.2, 21.91],
			"to": [7.22183, 0.85, 22.36],
			"rotation": {"angle": -22.5, "axis": "y", "origin": [6.22183, 1.03431, 20.36701]},
			"faces": {
				"north": {"uv": [0, 4, 2, 5], "texture": "#1"},
				"south": {"uv": [2, 4, 4, 5], "texture": "#1"},
				"up": {"uv": [6, 5, 4, 4], "texture": "#1"},
				"down": {"uv": [6, 0, 4, 1], "texture": "#1"}
			}
		},
		{
			"name": "octagon",
			"from": [8.60119, 0.24145, 22.35],
			"to": [9.15119, 0.59145, 22.9],
			"rotation": {"angle": -22.5, "axis": "z", "origin": [9.85119, 1.12576, 20.85]},
			"faces": {
				"north": {"uv": [8, 7, 9, 8], "texture": "#1"},
				"south": {"uv": [1, 9, 2, 10], "texture": "#1"},
				"west": {"uv": [2, 9, 3, 10], "texture": "#1"},
				"up": {"uv": [4, 10, 3, 9], "texture": "#1"}
			}
		},
		{
			"name": "octagon",
			"from": [8.0583, 0.35056, 22.45],
			"to": [8.6083, 0.70056, 22.9],
			"rotation": {"angle": 22.5, "axis": "z", "origin": [9.3083, 1.23487, 20.95]},
			"faces": {
				"north": {"uv": [0, 9, 0.5, 9.5], "texture": "#0"},
				"south": {"uv": [1, 9, 1.5, 9.5], "texture": "#0"},
				"west": {"uv": [1.5, 9, 2, 9.5], "texture": "#0"},
				"down": {"uv": [3, 9, 2.5, 9.5], "texture": "#0"}
			}
		},
		{
			"name": "octagon",
			"from": [6.70038, 0.98768, 22.35],
			"to": [7.25038, 1.33768, 22.9],
			"rotation": {"angle": 22.5, "axis": "z", "origin": [7.95038, 1.87199, 20.85]},
			"faces": {
				"north": {"uv": [7, 9, 8, 10], "texture": "#1"},
				"east": {"uv": [8, 9, 9, 10], "texture": "#1"},
				"south": {"uv": [9, 9, 10, 10], "texture": "#1"},
				"up": {"uv": [10, 2, 9, 1], "texture": "#1"}
			}
		},
		{
			"name": "octagon",
			"from": [7.24326, -0.39567, 22.35],
			"to": [7.79326, -0.04567, 22.9],
			"rotation": {"angle": -22.5, "axis": "z", "origin": [8.49326, 0.48864, 20.85]},
			"faces": {
				"north": {"uv": [9, 3, 10, 4], "texture": "#1"},
				"east": {"uv": [9, 4, 10, 5], "texture": "#1"},
				"south": {"uv": [9, 5, 10, 6], "texture": "#1"},
				"down": {"uv": [10, 8, 9, 9], "texture": "#1"}
			}
		},
		{
			"name": "octagon",
			"from": [7.75, 0.3, 27.2],
			"to": [8.25, 0.75, 27.7],
			"rotation": {"angle": 0, "axis": "y", "origin": [8, 1.03431, 27]},
			"faces": {
				"up": {"uv": [6, 2, 5.5, 1.5], "texture": "#0"},
				"down": {"uv": [6, 2, 5.5, 2.5], "texture": "#0"}
			}
		},
		{
			"name": "octagon",
			"from": [7.75, 0.3, 26.4],
			"to": [8.25, 0.75, 26.9],
			"rotation": {"angle": 0, "axis": "y", "origin": [8, 1.03431, 26]},
			"faces": {
				"up": {"uv": [2, 7, 1.5, 6.5], "texture": "#0"},
				"down": {"uv": [2.5, 6.5, 2, 7], "texture": "#0"}
			}
		},
		{
			"name": "octagon",
			"from": [7.75, 0.3, 25.6],
			"to": [8.25, 0.75, 26.1],
			"rotation": {"angle": 0, "axis": "y", "origin": [8, 1.03431, 25]},
			"faces": {
				"up": {"uv": [6.5, 7.5, 6, 7], "texture": "#0"},
				"down": {"uv": [7, 7, 6.5, 7.5], "texture": "#0"}
			}
		},
		{
			"name": "octagon",
			"from": [7.75, 0.3, 24.8],
			"to": [8.25, 0.75, 25.3],
			"rotation": {"angle": 0, "axis": "y", "origin": [8, 1.03431, 24]},
			"faces": {
				"up": {"uv": [8, 2, 7.5, 1.5], "texture": "#0"},
				"down": {"uv": [8, 2, 7.5, 2.5], "texture": "#0"}
			}
		},
		{
			"name": "octagon",
			"from": [7.75, 0.3, 24],
			"to": [8.25, 0.75, 24.5],
			"rotation": {"angle": 0, "axis": "y", "origin": [8, 1.03431, 23]},
			"faces": {
				"up": {"uv": [8.5, 4, 8, 3.5], "texture": "#0"},
				"down": {"uv": [8.5, 4, 8, 4.5], "texture": "#0"}
			}
		},
		{
			"name": "octagon",
			"from": [7.75, 0.3, 23.2],
			"to": [8.25, 0.75, 23.7],
			"rotation": {"angle": 0, "axis": "y", "origin": [8, 1.03431, 22]},
			"faces": {
				"up": {"uv": [9, 5, 8.5, 4.5], "texture": "#0"},
				"down": {"uv": [9, 5, 8.5, 5.5], "texture": "#0"}
			}
		},
		{
			"name": "octagon",
			"from": [7.15754, 0.2617, 27.2],
			"to": [7.48254, 0.5867, 27.7],
			"rotation": {"angle": 45, "axis": "z", "origin": [7.40754, 0.99602, 27]},
			"faces": {
				"north": {"uv": [5.5, 2.5, 6, 3], "texture": "#0"},
				"east": {"uv": [5.5, 3, 6, 3.5], "texture": "#0"},
				"south": {"uv": [5.5, 3.5, 6, 4], "texture": "#0"},
				"west": {"uv": [5.5, 4, 6, 4.5], "texture": "#0"},
				"up": {"uv": [6, 5, 5.5, 4.5], "texture": "#0"}
			}
		},
		{
			"name": "octagon",
			"from": [7.15754, 0.2617, 26.4],
			"to": [7.48254, 0.5867, 26.9],
			"rotation": {"angle": 45, "axis": "z", "origin": [7.40754, 0.99602, 26]},
			"faces": {
				"north": {"uv": [0.5, 1.5, 1, 2], "texture": "#0"},
				"east": {"uv": [1.5, 1, 2, 1.5], "texture": "#0"},
				"south": {"uv": [0, 2, 0.5, 2.5], "texture": "#0"},
				"west": {"uv": [0.5, 2, 1, 2.5], "texture": "#0"},
				"up": {"uv": [1.5, 2.5, 1, 2], "texture": "#0"}
			}
		},
		{
			"name": "octagon",
			"from": [7.15754, 0.2617, 25.6],
			"to": [7.48254, 0.5867, 26.1],
			"rotation": {"angle": 45, "axis": "z", "origin": [7.40754, 0.99602, 25]},
			"faces": {
				"north": {"uv": [7, 7, 7.5, 7.5], "texture": "#0"},
				"east": {"uv": [7, 0, 7.5, 0.5], "texture": "#0"},
				"south": {"uv": [7, 0.5, 7.5, 1], "texture": "#0"},
				"west": {"uv": [7, 1, 7.5, 1.5], "texture": "#0"},
				"up": {"uv": [7.5, 2, 7, 1.5], "texture": "#0"}
			}
		},
		{
			"name": "octagon",
			"from": [7.15754, 0.2617, 24.8],
			"to": [7.48254, 0.5867, 25.3],
			"rotation": {"angle": 45, "axis": "z", "origin": [7.40754, 0.99602, 24]},
			"faces": {
				"north": {"uv": [7.5, 2.5, 8, 3], "texture": "#0"},
				"east": {"uv": [7.5, 3, 8, 3.5], "texture": "#0"},
				"south": {"uv": [7.5, 3.5, 8, 4], "texture": "#0"},
				"west": {"uv": [7.5, 4, 8, 4.5], "texture": "#0"},
				"up": {"uv": [8, 5, 7.5, 4.5], "texture": "#0"}
			}
		},
		{
			"name": "octagon",
			"from": [7.15754, 0.2617, 24],
			"to": [7.48254, 0.5867, 24.5],
			"rotation": {"angle": 45, "axis": "z", "origin": [7.40754, 0.99602, 23]},
			"faces": {
				"north": {"uv": [7, 8, 7.5, 8.5], "texture": "#0"},
				"east": {"uv": [7.5, 8, 8, 8.5], "texture": "#0"},
				"south": {"uv": [8, 8, 8.5, 8.5], "texture": "#0"},
				"west": {"uv": [8, 0, 8.5, 0.5], "texture": "#0"},
				"up": {"uv": [8.5, 1, 8, 0.5], "texture": "#0"}
			}
		},
		{
			"name": "octagon",
			"from": [7.15754, 0.2617, 23.2],
			"to": [7.48254, 0.5867, 23.7],
			"rotation": {"angle": 45, "axis": "z", "origin": [7.40754, 0.99602, 22]},
			"faces": {
				"north": {"uv": [8.5, 8.5, 9, 9], "texture": "#0"},
				"east": {"uv": [8.5, 0, 9, 0.5], "texture": "#0"},
				"south": {"uv": [8.5, 0.5, 9, 1], "texture": "#0"},
				"west": {"uv": [8.5, 1, 9, 1.5], "texture": "#0"},
				"up": {"uv": [9, 2, 8.5, 1.5], "texture": "#0"}
			}
		},
		{
			"name": "octagon",
			"from": [7.65754, 0.2617, 27.2],
			"to": [7.98254, 0.5867, 27.7],
			"rotation": {"angle": 45, "axis": "z", "origin": [7.90754, 0.99602, 27]},
			"faces": {
				"north": {"uv": [0, 6, 0.5, 6.5], "texture": "#0"},
				"east": {"uv": [0.5, 6, 1, 6.5], "texture": "#0"},
				"south": {"uv": [1, 6, 1.5, 6.5], "texture": "#0"},
				"up": {"uv": [2.5, 6.5, 2, 6], "texture": "#0"},
				"down": {"uv": [3, 6, 2.5, 6.5], "texture": "#0"}
			}
		},
		{
			"name": "octagon",
			"from": [7.65754, 0.2617, 26.4],
			"to": [7.98254, 0.5867, 26.9],
			"rotation": {"angle": 45, "axis": "z", "origin": [7.90754, 0.99602, 26]},
			"faces": {
				"north": {"uv": [2.5, 6.5, 3, 7], "texture": "#0"},
				"east": {"uv": [3, 6.5, 3.5, 7], "texture": "#0"},
				"south": {"uv": [3.5, 6.5, 4, 7], "texture": "#0"},
				"up": {"uv": [5, 7, 4.5, 6.5], "texture": "#0"},
				"down": {"uv": [5.5, 6.5, 5, 7], "texture": "#0"}
			}
		},
		{
			"name": "octagon",
			"from": [7.65754, 0.2617, 25.6],
			"to": [7.98254, 0.5867, 26.1],
			"rotation": {"angle": 45, "axis": "z", "origin": [7.90754, 0.99602, 25]},
			"faces": {
				"north": {"uv": [1, 7, 1.5, 7.5], "texture": "#0"},
				"east": {"uv": [1.5, 7, 2, 7.5], "texture": "#0"},
				"south": {"uv": [2, 7, 2.5, 7.5], "texture": "#0"},
				"up": {"uv": [3.5, 7.5, 3, 7], "texture": "#0"},
				"down": {"uv": [4, 7, 3.5, 7.5], "texture": "#0"}
			}
		},
		{
			"name": "octagon",
			"from": [7.65754, 0.2617, 24.8],
			"to": [7.98254, 0.5867, 25.3],
			"rotation": {"angle": 45, "axis": "z", "origin": [7.90754, 0.99602, 24]},
			"faces": {
				"north": {"uv": [4.5, 7.5, 5, 8], "texture": "#0"},
				"east": {"uv": [5, 7.5, 5.5, 8], "texture": "#0"},
				"south": {"uv": [5.5, 7.5, 6, 8], "texture": "#0"},
				"up": {"uv": [7, 8, 6.5, 7.5], "texture": "#0"},
				"down": {"uv": [7.5, 7.5, 7, 8], "texture": "#0"}
			}
		},
		{
			"name": "octagon",
			"from": [7.65754, 0.2617, 24],
			"to": [7.98254, 0.5867, 24.5],
			"rotation": {"angle": 45, "axis": "z", "origin": [7.90754, 0.99602, 23]},
			"faces": {
				"north": {"uv": [8, 4.5, 8.5, 5], "texture": "#0"},
				"east": {"uv": [8, 5, 8.5, 5.5], "texture": "#0"},
				"south": {"uv": [8, 5.5, 8.5, 6], "texture": "#0"},
				"up": {"uv": [8.5, 7, 8, 6.5], "texture": "#0"},
				"down": {"uv": [8.5, 7, 8, 7.5], "texture": "#0"}
			}
		},
		{
			"name": "octagon",
			"from": [7.65754, 0.2617, 23.2],
			"to": [7.98254, 0.5867, 23.7],
			"rotation": {"angle": 45, "axis": "z", "origin": [7.90754, 0.99602, 22]},
			"faces": {
				"north": {"uv": [8.5, 5.5, 9, 6], "texture": "#0"},
				"east": {"uv": [8.5, 6, 9, 6.5], "texture": "#0"},
				"south": {"uv": [8.5, 6.5, 9, 7], "texture": "#0"},
				"up": {"uv": [9, 8, 8.5, 7.5], "texture": "#0"},
				"down": {"uv": [9, 8, 8.5, 8.5], "texture": "#0"}
			}
		},
		{
			"name": "octagon",
			"from": [8.30605, 0.63463, 27.7],
			"to": [8.73105, 1.05963, 28],
			"rotation": {"angle": -45, "axis": "z", "origin": [8.00605, 1.01463, 28]},
			"faces": {
				"north": {"uv": [5, 1.5, 5.5, 2], "texture": "#0"},
				"east": {"uv": [5, 2, 5.5, 2.5], "texture": "#0"},
				"south": {"uv": [5, 2.5, 5.5, 3], "texture": "#0"},
				"west": {"uv": [5, 3, 5.5, 3.5], "texture": "#0"},
				"up": {"uv": [5.5, 4, 5, 3.5], "texture": "#0"},
				"down": {"uv": [5.5, 4, 5, 4.5], "texture": "#0"}
			}
		},
		{
			"name": "octagon",
			"from": [8.30605, 0.63463, 26.9],
			"to": [8.73105, 1.05963, 27.2],
			"rotation": {"angle": -45, "axis": "z", "origin": [8.00605, 1.01463, 27]},
			"faces": {
				"north": {"uv": [3, 6, 3.5, 6.5], "texture": "#0"},
				"east": {"uv": [3.5, 6, 4, 6.5], "texture": "#0"},
				"south": {"uv": [4, 6, 4.5, 6.5], "texture": "#0"},
				"west": {"uv": [4.5, 6, 5, 6.5], "texture": "#0"},
				"up": {"uv": [5.5, 6.5, 5, 6], "texture": "#0"},
				"down": {"uv": [6, 6, 5.5, 6.5], "texture": "#0"}
			}
		},
		{
			"name": "octagon",
			"from": [8.30605, 0.63463, 26.1],
			"to": [8.73105, 1.05963, 26.4],
			"rotation": {"angle": -45, "axis": "z", "origin": [8.00605, 1.01463, 26]},
			"faces": {
				"north": {"uv": [6.5, 1.5, 7, 2], "texture": "#0"},
				"east": {"uv": [6.5, 2, 7, 2.5], "texture": "#0"},
				"south": {"uv": [6.5, 2.5, 7, 3], "texture": "#0"},
				"west": {"uv": [6.5, 3, 7, 3.5], "texture": "#0"},
				"up": {"uv": [7, 4, 6.5, 3.5], "texture": "#0"},
				"down": {"uv": [7, 4, 6.5, 4.5], "texture": "#0"}
			}
		},
		{
			"name": "octagon",
			"from": [8.30605, 0.63463, 25.3],
			"to": [8.73105, 1.05963, 25.6],
			"rotation": {"angle": -45, "axis": "z", "origin": [8.00605, 1.01463, 25]},
			"faces": {
				"north": {"uv": [1.5, 7.5, 2, 8], "texture": "#0"},
				"east": {"uv": [2, 7.5, 2.5, 8], "texture": "#0"},
				"south": {"uv": [2.5, 7.5, 3, 8], "texture": "#0"},
				"west": {"uv": [3, 7.5, 3.5, 8], "texture": "#0"},
				"up": {"uv": [4, 8, 3.5, 7.5], "texture": "#0"},
				"down": {"uv": [4.5, 7.5, 4, 8], "texture": "#0"}
			}
		},
		{
			"name": "octagon",
			"from": [8.30605, 0.63463, 24.5],
			"to": [8.73105, 1.05963, 24.8],
			"rotation": {"angle": -45, "axis": "z", "origin": [8.00605, 1.01463, 24]},
			"faces": {
				"north": {"uv": [0.5, 0.5, 1, 1], "texture": "#0"},
				"east": {"uv": [4.5, 8, 5, 8.5], "texture": "#0"},
				"south": {"uv": [5, 8, 5.5, 8.5], "texture": "#0"},
				"west": {"uv": [5.5, 8, 6, 8.5], "texture": "#0"},
				"up": {"uv": [6.5, 8.5, 6, 8], "texture": "#0"},
				"down": {"uv": [7, 8, 6.5, 8.5], "texture": "#0"}
			}
		},
		{
			"name": "octagon",
			"from": [8.30605, 0.63463, 23.7],
			"to": [8.73105, 1.05963, 24],
			"rotation": {"angle": -45, "axis": "z", "origin": [8.00605, 1.01463, 23]},
			"faces": {
				"north": {"uv": [5.5, 8.5, 6, 9], "texture": "#0"},
				"east": {"uv": [6, 8.5, 6.5, 9], "texture": "#0"},
				"south": {"uv": [6.5, 8.5, 7, 9], "texture": "#0"},
				"west": {"uv": [7, 8.5, 7.5, 9], "texture": "#0"},
				"up": {"uv": [8, 9, 7.5, 8.5], "texture": "#0"},
				"down": {"uv": [8.5, 8.5, 8, 9], "texture": "#0"}
			}
		},
		{
			"name": "octagon",
			"from": [8.30605, 0.63463, 22.9],
			"to": [8.73105, 1.05963, 23.2],
			"rotation": {"angle": -45, "axis": "z", "origin": [8.00605, 1.01463, 21]},
			"faces": {
				"north": {"uv": [3, 9, 3.5, 9.5], "texture": "#0"},
				"east": {"uv": [3.5, 9, 4, 9.5], "texture": "#0"},
				"south": {"uv": [4, 9, 4.5, 9.5], "texture": "#0"},
				"west": {"uv": [4.5, 9, 5, 9.5], "texture": "#0"},
				"up": {"uv": [5.5, 9.5, 5, 9], "texture": "#0"},
				"down": {"uv": [6, 9, 5.5, 9.5], "texture": "#0"}
			}
		},
		{
			"name": "octagon",
			"from": [7.86161, 0.52981, 27.7],
			"to": [8.28661, 0.95481, 28],
			"rotation": {"angle": -45, "axis": "z", "origin": [7.66161, 1.02981, 28]},
			"faces": {
				"north": {"uv": [5, 4.5, 5.5, 5], "texture": "#0"},
				"south": {"uv": [0.5, 5.5, 1, 6], "texture": "#0"},
				"west": {"uv": [1, 5.5, 1.5, 6], "texture": "#0"},
				"up": {"uv": [2, 6, 1.5, 5.5], "texture": "#0"},
				"down": {"uv": [2.5, 5.5, 2, 6], "texture": "#0"}
			}
		},
		{
			"name": "octagon",
			"from": [7.86161, 0.52981, 26.9],
			"to": [8.28661, 0.95481, 27.2],
			"rotation": {"angle": -45, "axis": "z", "origin": [7.66161, 1.02981, 27]},
			"faces": {
				"north": {"uv": [6, 2.5, 6.5, 3], "texture": "#0"},
				"south": {"uv": [6, 3.5, 6.5, 4], "texture": "#0"},
				"west": {"uv": [6, 4, 6.5, 4.5], "texture": "#0"},
				"up": {"uv": [6.5, 5, 6, 4.5], "texture": "#0"},
				"down": {"uv": [6.5, 5, 6, 5.5], "texture": "#0"}
			}
		},
		{
			"name": "octagon",
			"from": [7.86161, 0.52981, 26.1],
			"to": [8.28661, 0.95481, 26.4],
			"rotation": {"angle": -45, "axis": "z", "origin": [7.66161, 1.02981, 26]},
			"faces": {
				"north": {"uv": [6.5, 4.5, 7, 5], "texture": "#0"},
				"south": {"uv": [6.5, 5.5, 7, 6], "texture": "#0"},
				"west": {"uv": [6.5, 6, 7, 6.5], "texture": "#0"},
				"up": {"uv": [0.5, 7.5, 0, 7], "texture": "#0"},
				"down": {"uv": [1, 7, 0.5, 7.5], "texture": "#0"}
			}
		},
		{
			"name": "octagon",
			"from": [7.86161, 0.52981, 25.3],
			"to": [8.28661, 0.95481, 25.6],
			"rotation": {"angle": -45, "axis": "z", "origin": [7.66161, 1.02981, 25]},
			"faces": {
				"north": {"uv": [7, 2.5, 7.5, 3], "texture": "#0"},
				"south": {"uv": [7, 3.5, 7.5, 4], "texture": "#0"},
				"west": {"uv": [7, 4, 7.5, 4.5], "texture": "#0"},
				"up": {"uv": [7.5, 5, 7, 4.5], "texture": "#0"},
				"down": {"uv": [7.5, 5, 7, 5.5], "texture": "#0"}
			}
		},
		{
			"name": "octagon",
			"from": [7.86161, 0.52981, 24.5],
			"to": [8.28661, 0.95481, 24.8],
			"rotation": {"angle": -45, "axis": "z", "origin": [7.66161, 1.02981, 24]},
			"faces": {
				"north": {"uv": [0.5, 0.375, 1, 0.875], "texture": "#0"},
				"south": {"uv": [7.5, 6.5, 8, 7], "texture": "#0"},
				"west": {"uv": [7.5, 7, 8, 7.5], "texture": "#0"},
				"up": {"uv": [0.5, 8.5, 0, 8], "texture": "#0"},
				"down": {"uv": [1, 8, 0.5, 8.5], "texture": "#0"}
			}
		},
		{
			"name": "octagon",
			"from": [7.86161, 0.52981, 23.7],
			"to": [8.28661, 0.95481, 24],
			"rotation": {"angle": -45, "axis": "z", "origin": [7.66161, 1.02981, 23]},
			"faces": {
				"north": {"uv": [8, 7.5, 8.5, 8], "texture": "#0"},
				"south": {"uv": [0.5, 8.5, 1, 9], "texture": "#0"},
				"west": {"uv": [1, 8.5, 1.5, 9], "texture": "#0"},
				"up": {"uv": [2, 9, 1.5, 8.5], "texture": "#0"},
				"down": {"uv": [2.5, 8.5, 2, 9], "texture": "#0"}
			}
		},
		{
			"name": "octagon",
			"from": [7.86161, 0.52981, 22.9],
			"to": [8.28661, 0.95481, 23.2],
			"rotation": {"angle": -45, "axis": "z", "origin": [7.66161, 1.02981, 21]},
			"faces": {
				"north": {"uv": [6, 9, 6.5, 9.5], "texture": "#0"},
				"south": {"uv": [7, 9, 7.5, 9.5], "texture": "#0"},
				"west": {"uv": [7.5, 9, 8, 9.5], "texture": "#0"},
				"up": {"uv": [8.5, 9.5, 8, 9], "texture": "#0"},
				"down": {"uv": [9, 9, 8.5, 9.5], "texture": "#0"}
			}
		},
		{
			"name": "octagon",
			"from": [7.58579, 0, 29.7],
			"to": [8.41421, 1, 30],
			"rotation": {"angle": 45, "axis": "y", "origin": [8, 1, 29]},
			"faces": {
				"north": {"uv": [2.5, 1.5, 3, 2], "texture": "#0"},
				"south": {"uv": [2.5, 2, 3, 2.5], "texture": "#0"},
				"up": {"uv": [0.5, 3.5, 0, 3], "texture": "#0"},
				"down": {"uv": [1, 3, 0.5, 3.5], "texture": "#0"}
			}
		},
		{
			"name": "octagon",
			"from": [7.58579, 0, 29.7],
			"to": [8.41421, 1, 30],
			"rotation": {"angle": 0, "axis": "y", "origin": [8, 1, 29]},
			"faces": {
				"north": {"uv": [1, 3, 1.5, 3.5], "texture": "#0"},
				"south": {"uv": [1.5, 3, 2, 3.5], "texture": "#0"},
				"up": {"uv": [2.5, 3.5, 2, 3], "texture": "#0"},
				"down": {"uv": [3, 3, 2.5, 3.5], "texture": "#0"}
			}
		},
		{
			"name": "octagon",
			"from": [7, 0, 28.58579],
			"to": [7.3, 1, 29.41421],
			"rotation": {"angle": 45, "axis": "y", "origin": [8, 1, 29]},
			"faces": {
				"east": {"uv": [3, 3, 3.5, 3.5], "texture": "#0"},
				"west": {"uv": [3, 0, 3.5, 0.5], "texture": "#0"},
				"up": {"uv": [3.5, 1, 3, 0.5], "texture": "#0"},
				"down": {"uv": [3.5, 1, 3, 1.5], "texture": "#0"}
			}
		},
		{
			"name": "octagon",
			"from": [7, 0, 28.58579],
			"to": [7.3, 1, 29.41421],
			"rotation": {"angle": 0, "axis": "y", "origin": [8, 1, 29]},
			"faces": {
				"east": {"uv": [3, 1.5, 3.5, 2], "texture": "#0"},
				"west": {"uv": [3, 2, 3.5, 2.5], "texture": "#0"},
				"up": {"uv": [3.5, 3, 3, 2.5], "texture": "#0"},
				"down": {"uv": [0.5, 3.5, 0, 4], "texture": "#0"}
			}
		},
		{
			"name": "octagon",
			"from": [8.7, 0, 28.58579],
			"to": [9, 1, 29.41421],
			"rotation": {"angle": 45, "axis": "y", "origin": [8, 1, 29]},
			"faces": {
				"east": {"uv": [0.5, 3.5, 1, 4], "texture": "#0"},
				"west": {"uv": [1, 3.5, 1.5, 4], "texture": "#0"},
				"up": {"uv": [2, 4, 1.5, 3.5], "texture": "#0"},
				"down": {"uv": [2.5, 3.5, 2, 4], "texture": "#0"}
			}
		},
		{
			"name": "octagon",
			"from": [7.68934, 0.25, 28.25],
			"to": [8.31066, 0.75, 29.75],
			"rotation": {"angle": 45, "axis": "y", "origin": [8, 1, 29]},
			"faces": {
				"up": {"uv": [0.5, 1, 0, 0], "texture": "#0"},
				"down": {"uv": [1, 0.5, 0.5, 1.5], "texture": "#0"}
			}
		},
		{
			"name": "octagon",
			"from": [7.68934, 0.25, 28.25],
			"to": [8.31066, 0.75, 29.75],
			"rotation": {"angle": 0, "axis": "y", "origin": [8, 1, 29]},
			"faces": {
				"up": {"uv": [0.5, 2, 0, 1], "texture": "#0"},
				"down": {"uv": [1.5, 1, 1, 2], "texture": "#0"}
			}
		},
		{
			"name": "octagon",
			"from": [7.25, 0.25, 28.68934],
			"to": [8.75, 0.75, 29.31066],
			"rotation": {"angle": 45, "axis": "y", "origin": [8, 1, 29]},
			"faces": {
				"up": {"uv": [1.5, 0.5, 0.5, 0], "texture": "#0"},
				"down": {"uv": [2, 0.5, 1, 1], "texture": "#0"}
			}
		},
		{
			"name": "octagon",
			"from": [7.25, 0.25, 28.68934],
			"to": [8.75, 0.75, 29.31066],
			"rotation": {"angle": 0, "axis": "y", "origin": [8, 1, 29]},
			"faces": {
				"up": {"uv": [2.5, 2, 1.5, 1.5], "texture": "#0"},
				"down": {"uv": [2.5, 0, 1.5, 0.5], "texture": "#0"}
			}
		},
		{
			"from": [7.55, 0.75, 28.7],
			"to": [8.45, 1, 28.8],
			"rotation": {"angle": 0, "axis": "y", "origin": [16, 9, 37]},
			"faces": {
				"north": {"uv": [2.5, 3.5, 3, 4], "texture": "#0"},
				"east": {"uv": [3, 3.5, 3.5, 4], "texture": "#0"},
				"south": {"uv": [3.5, 3.5, 4, 4], "texture": "#0"},
				"west": {"uv": [3.5, 0, 4, 0.5], "texture": "#0"},
				"up": {"uv": [4, 1, 3.5, 0.5], "texture": "#0"}
			}
		},
		{
			"from": [7.55, -0.05, 28.7],
			"to": [8.45, 0.2, 28.8],
			"rotation": {"angle": 0, "axis": "y", "origin": [16, 8, 37]},
			"faces": {
				"north": {"uv": [4, 5, 4.5, 5.5], "texture": "#0"},
				"east": {"uv": [4.5, 5, 5, 5.5], "texture": "#0"},
				"south": {"uv": [5, 5, 5.5, 5.5], "texture": "#0"},
				"west": {"uv": [5, 0, 5.5, 0.5], "texture": "#0"},
				"up": {"uv": [5.5, 1, 5, 0.5], "texture": "#0"},
				"down": {"uv": [5.5, 1, 5, 1.5], "texture": "#0"}
			}
		},
		{
			"from": [7.55, 0.75, 28.9],
			"to": [8.45, 1, 29.05],
			"rotation": {"angle": 0, "axis": "y", "origin": [16, 9, 37]},
			"faces": {
				"north": {"uv": [3.5, 1.5, 4, 2], "texture": "#0"},
				"east": {"uv": [3.5, 2, 4, 2.5], "texture": "#0"},
				"south": {"uv": [3.5, 2.5, 4, 3], "texture": "#0"},
				"west": {"uv": [3.5, 3, 4, 3.5], "texture": "#0"},
				"up": {"uv": [0.5, 4.5, 0, 4], "texture": "#0"}
			}
		},
		{
			"from": [7.55, -0.05, 28.9],
			"to": [8.45, 0.2, 29.05],
			"rotation": {"angle": 0, "axis": "y", "origin": [16, 8, 37]},
			"faces": {
				"north": {"uv": [1.5, 4.5, 2, 5], "texture": "#0"},
				"east": {"uv": [2, 4.5, 2.5, 5], "texture": "#0"},
				"south": {"uv": [2.5, 4.5, 3, 5], "texture": "#0"},
				"west": {"uv": [3, 4.5, 3.5, 5], "texture": "#0"},
				"up": {"uv": [4, 5, 3.5, 4.5], "texture": "#0"},
				"down": {"uv": [4.5, 4.5, 4, 5], "texture": "#0"}
			}
		},
		{
			"from": [7.925, 0.75, 29.05],
			"to": [8.075, 1, 29.45],
			"rotation": {"angle": 0, "axis": "y", "origin": [0, 9, 37]},
			"faces": {
				"east": {"uv": [1.5, 4, 2, 4.5], "texture": "#0"},
				"south": {"uv": [2, 4, 2.5, 4.5], "texture": "#0"},
				"west": {"uv": [2.5, 4, 3, 4.5], "texture": "#0"},
				"up": {"uv": [3.5, 4.5, 3, 4], "texture": "#0"}
			}
		},
		{
			"from": [7.925, -0.05, 29.05],
			"to": [8.075, 0.2, 29.45],
			"rotation": {"angle": 0, "axis": "y", "origin": [0, 8, 37]},
			"faces": {
				"east": {"uv": [4.5, 3, 5, 3.5], "texture": "#0"},
				"south": {"uv": [4.5, 3.5, 5, 4], "texture": "#0"},
				"west": {"uv": [4.5, 4, 5, 4.5], "texture": "#0"},
				"up": {"uv": [0.5, 5.5, 0, 5], "texture": "#0"},
				"down": {"uv": [1, 5, 0.5, 5.5], "texture": "#0"}
			}
		},
		{
			"from": [8.25, 0.75, 29.05],
			"to": [8.4, 1, 29.45],
			"rotation": {"angle": 0, "axis": "y", "origin": [0, 9, 37]},
			"faces": {
				"east": {"uv": [4, 0, 4.5, 0.5], "texture": "#0"},
				"south": {"uv": [4, 0.5, 4.5, 1], "texture": "#0"},
				"west": {"uv": [4, 1, 4.5, 1.5], "texture": "#0"},
				"up": {"uv": [4.5, 2, 4, 1.5], "texture": "#0"},
				"down": {"uv": [4.5, 2, 4, 2.5], "texture": "#0"}
			}
		},
		{
			"from": [8.25, -0.05, 29.05],
			"to": [8.4, 0.2, 29.45],
			"rotation": {"angle": 0, "axis": "y", "origin": [0, 8, 37]},
			"faces": {
				"east": {"uv": [1.5, 5, 2, 5.5], "texture": "#0"},
				"south": {"uv": [2, 5, 2.5, 5.5], "texture": "#0"},
				"west": {"uv": [2.5, 5, 3, 5.5], "texture": "#0"},
				"up": {"uv": [3.5, 5.5, 3, 5], "texture": "#0"},
				"down": {"uv": [4, 5, 3.5, 5.5], "texture": "#0"}
			}
		},
		{
			"from": [7.6, 0.75, 29.05],
			"to": [7.75, 1, 29.45],
			"rotation": {"angle": 0, "axis": "y", "origin": [-1, 9, 37]},
			"faces": {
				"east": {"uv": [4, 3, 4.5, 3.5], "texture": "#0"},
				"south": {"uv": [4, 3.5, 4.5, 4], "texture": "#0"},
				"west": {"uv": [0, 4.5, 0.5, 5], "texture": "#0"},
				"up": {"uv": [1, 5, 0.5, 4.5], "texture": "#0"},
				"down": {"uv": [1.5, 4.5, 1, 5], "texture": "#0"}
			}
		},
		{
			"from": [7.6, -0.05, 29.05],
			"to": [7.75, 0.2, 29.45],
			"rotation": {"angle": 0, "axis": "y", "origin": [-1, 8, 37]},
			"faces": {
				"east": {"uv": [4.5, 0, 5, 0.5], "texture": "#0"},
				"south": {"uv": [4.5, 0.5, 5, 1], "texture": "#0"},
				"west": {"uv": [4.5, 1, 5, 1.5], "texture": "#0"},
				"up": {"uv": [5, 2, 4.5, 1.5], "texture": "#0"},
				"down": {"uv": [5, 2, 4.5, 2.5], "texture": "#0"}
			}
		},
		{
			"from": [8.44415, 0.68, 9.22204],
			"to": [8.74415, 0.68, 9.78204],
			"rotation": {"angle": -45, "axis": "y", "origin": [1.84415, 9, 11.32204]},
			"faces": {
				"up": {"uv": [0, 0, 0.989, 15.97975], "rotation": 180, "texture": "#3"}
			}
		},
		{
			"from": [7.25585, 0.31, 9.22204],
			"to": [7.55585, 0.31, 9.78204],
			"rotation": {"angle": 45, "axis": "y", "origin": [14.15585, -8.016, 11.32204]},
			"faces": {
				"down": {"uv": [0.989, 15.97975, 0, 0], "rotation": 180, "texture": "#3"}
			}
		},
		{
			"from": [7.2412, 0.68, 9.18668],
			"to": [7.5412, 0.68, 9.74668],
			"rotation": {"angle": 45, "axis": "y", "origin": [14.1912, 9, 11.28668]},
			"faces": {
				"up": {"uv": [0.989, 0, 0, 15.97975], "rotation": 180, "texture": "#3"}
			}
		},
		{
			"from": [8.4588, 0.31, 9.18668],
			"to": [8.7588, 0.31, 9.74668],
			"rotation": {"angle": -45, "axis": "y", "origin": [1.8088, -8.016, 11.28668]},
			"faces": {
				"down": {"uv": [0, 15.97975, 0.989, 0], "rotation": 180, "texture": "#3"}
			}
		},
		{
			"from": [7.6, 0.31, 14.9],
			"to": [8.4, 0.31, 21.9],
			"rotation": {"angle": 0, "axis": "y", "origin": [1, -8, 23]},
			"faces": {
				"down": {"uv": [0, 15.98075, 15.98075, 0], "rotation": 180, "texture": "#3"}
			}
		},
		{
			"from": [7.6, 0.68, 14.9],
			"to": [8.4, 0.68, 21.9],
			"rotation": {"angle": 0, "axis": "y", "origin": [1, 9, 23]},
			"faces": {
				"up": {"uv": [0, 0, 15.97975, 15.98075], "rotation": 180, "texture": "#3"}
			}
		},
		{
			"from": [6, 0.5, -2],
			"to": [10, 0.5, 24],
			"rotation": {"angle": 0, "axis": "y", "origin": [14, 7, 6]},
			"faces": {
				"north": {"uv": [0.00006, 0.00006, 2.49994, 0.12494], "texture": "#4"},
				"east": {"uv": [0.00006, 0.00006, 1.62494, 0.12494], "texture": "#4"},
				"south": {"uv": [0.00006, 0.00006, 2.49994, 0.12494], "texture": "#4"},
				"west": {"uv": [0.00006, 0.00006, 1.62494, 0.12494], "texture": "#4"},
				"up": {"uv": [5.50006, 0.87506, 10.49994, 12.74994], "texture": "#4"},
				"down": {"uv": [0, 0, 3.99825, 12.49825], "texture": "#4"}
			}
		},
		{
			"from": [6, 0.5, -2],
			"to": [10, 0.5, 24],
			"rotation": {"angle": 0, "axis": "y", "origin": [2, -6, 6]},
			"faces": {
				"north": {"uv": [2.49994, 0.12494, 0.00006, 0.00006], "texture": "#4"},
				"east": {"uv": [1.62494, 0.12494, 0.00006, 0.00006], "texture": "#4"},
				"south": {"uv": [2.49994, 0.12494, 0.00006, 0.00006], "texture": "#4"},
				"west": {"uv": [1.62494, 0.12494, 0.00006, 0.00006], "texture": "#4"},
				"up": {"uv": [3.99825, 12.49825, 0, 0], "texture": "#4"},
				"down": {"uv": [10.49994, 12.74994, 5.50006, 0.87506], "texture": "#4"}
			}
		}
	],
	"display": {
		"thirdperson_righthand": {
			"rotation": [90, 0, 90],
			"translation": [-9.25, 15.5, 1.25],
			"scale": [1, 1.25, 1]
		},
		"thirdperson_lefthand": {
			"rotation": [90, 0, 90],
			"translation": [-9.25, 15.75, 1.5],
			"scale": [1, 1.25, 1]
		},
		"firstperson_righthand": {
			"rotation": [90, 0, 90],
			"translation": [-7.75, 18.75, 0],
			"scale": [1, 1.25, 1]
		},
		"firstperson_lefthand": {
			"rotation": [90, 0, 90],
			"translation": [-7.75, 19.25, 0],
			"scale": [1, 1.25, 1]
		},
		"ground": {
			"rotation": [90, 0, 0],
			"translation": [0, 11.25, 8],
			"scale": [0.7, 1.05, 0.7]
		},
		"gui": {
			"rotation": [90, 0, -180],
			"translation": [0, 6.75, 0],
			"scale": [0.7, 1.05, 0.7]
		},
		"head": {
			"rotation": [-90, 40, 0],
			"translation": [-5, -20.5, -4]
		},
		"fixed": {
			"rotation": [90, 0, 0],
			"translation": [0, 6.5, 7.25],
			"scale": [0.7, 1.05, 0.7]
		}
	},
	"groups": [
		{
			"name": "octagon",
			"origin": [8, 8, 8],
			"children": []
		},
		{
			"name": "octagon",
			"origin": [8, 8, 8],
			"children": []
		}, 0, 1, 2, 3, 4, 5, 6, 7, 8, 9, 10, 11, 12, 13, 14, 15, 16, 17, 18, 19, 20, 21, 22, 23, 24, 25, 26, 27, 28, 29, 30, 31, 32, 33, 34, 35, 36, 37, 38, 39, 40, 41, 42, 43, 44, 45, 46, 47, 48, 49, 50, 51, 52, 53, 54, 55, 56, 57, 58, 59, 60, 61, 62, 63, 64, 65, 66, 67, 68, 69, 70, 71, 72, 73, 74, 75, 76, 77, 78, 79, 80, 81, 82, 83, 84, 85, 86, 87, 88, 89, 90, 91, 92, 93, 94, 95, 96, 97, 98, 99, 100, 101, 102, 103, 104, 105, 106, 107, 108, 109, 110,
		{
			"name": "group",
			"origin": [8, 8, 8],
			"children": [111, 112, 113, 114, 115, 116, 117, 118, 119, 120]
		}, 121, 122, 123, 124, 125, 126, 127, 128]
}