{"textures":{"0":"modelengine:entity/arcanist_texture"},"elements":[{"from":[2.8571424,2.9117079,6.938314],"to":[13.142858,20.625996,12.6526],"rotation":{"angle":-22.5,"axis":"x","origin":[8.0,11.768851,12.081171]},"faces":{"east":{"uv":[2.5625,4.875,3.1875,6.8125],"rotation":0,"texture":"#0","tintindex":0},"south":{"uv":[3.875,0.0,5.0,1.9375],"rotation":0,"texture":"#0","tintindex":0},"north":{"uv":[3.25,3.25,4.375,5.1875],"rotation":0,"texture":"#0","tintindex":0},"west":{"uv":[4.9375,3.0625,5.5625,5.0],"rotation":0,"texture":"#0","tintindex":0},"up":{"uv":[7.375,1.625,6.25,1.0],"rotation":0,"texture":"#0","tintindex":0},"down":{"uv":[6.9375,7.0625,5.8125,7.6875],"rotation":0,"texture":"#0","tintindex":0}}}],"display":{"head":{"translation":[0.0,-6.4,0.0],"scale":[4.0,4.0,4.0]}}}