{
	"credit": "Made with Blockbench",
	"texture_size": [32, 32],
	"textures": {
		"0": "elitemobs:items/frost_palace_fire_sword",
		"particle": "elitemobs:items/frost_palace_fire_sword"
	},
	"elements": [
		{
			"from": [6.5, 4.8, 7.75],
			"to": [9.5, 5.55, 10.25],
			"rotation": {"angle": 0, "axis": "y", "origin": [0, -2.2, 0]},
			"faces": {
				"north": {"uv": [7.5, 6, 9, 6.375], "texture": "#0"},
				"east": {"uv": [8.5, 0.5, 9.75, 0.875], "texture": "#0"},
				"south": {"uv": [7.5, 6.5, 9, 6.875], "texture": "#0"},
				"west": {"uv": [8.5, 1, 9.75, 1.375], "texture": "#0"},
				"up": {"uv": [8.5, 1.25, 7, 0], "texture": "#0"},
				"down": {"uv": [8.5, 1.5, 7, 2.75], "texture": "#0"}
			}
		},
		{
			"from": [6.5, -3.95, 7.75],
			"to": [9.5, -3.2, 10.25],
			"rotation": {"angle": 0, "axis": "y", "origin": [0, -2.2, 0]},
			"faces": {
				"north": {"uv": [7.5, 7, 9, 7.375], "texture": "#0"},
				"east": {"uv": [8.5, 1.5, 9.75, 1.875], "texture": "#0"},
				"south": {"uv": [7.5, 7.5, 9, 7.875], "texture": "#0"},
				"west": {"uv": [8.5, 2, 9.75, 2.375], "texture": "#0"},
				"up": {"uv": [8.5, 4.25, 7, 3], "texture": "#0"},
				"down": {"uv": [8.5, 4.5, 7, 5.75], "texture": "#0"}
			}
		},
		{
			"from": [7, -3.4, 8.5],
			"to": [9, 4.85, 9.5],
			"rotation": {"angle": 0, "axis": "y", "origin": [0, -2.2, 0]},
			"faces": {
				"north": {"uv": [6, 0, 7, 3.125], "texture": "#0"},
				"east": {"uv": [6, 7, 6.5, 10.125], "texture": "#0"},
				"south": {"uv": [6, 0, 7, 3.125], "texture": "#0"},
				"west": {"uv": [7, 6, 7.5, 9.125], "texture": "#0"},
				"up": {"uv": [8.5, 8.5, 7.5, 8], "texture": "#0"},
				"down": {"uv": [9.5, 0, 8.5, 0.5], "texture": "#0"}
			}
		},
		{
			"from": [5, 5.5, 9],
			"to": [11, 32, 9],
			"rotation": {"angle": 0, "axis": "y", "origin": [0, -2.2, 0]},
			"faces": {
				"north": {"uv": [0, 0, 3, 11.625], "texture": "#0"},
				"east": {"uv": [0, 0, 0, 11.625], "texture": "#0"},
				"south": {"uv": [3, 0, 0, 11.625], "texture": "#0"},
				"west": {"uv": [0, 0, 0, 11.625], "texture": "#0"},
				"up": {"uv": [3, 0, 0, 0], "texture": "#0"},
				"down": {"uv": [3, 0, 0, 0], "texture": "#0"}
			}
		}
	],
	"display": {
		"thirdperson_righthand": {
			"rotation": [56.32, 87.57, -52.22],
			"translation": [-0.75, 4.5, 1.75]
		},
		"thirdperson_lefthand": {
			"rotation": [88.42, -84.61, 85.1],
			"translation": [0.75, 5, 2.25]
		},
		"firstperson_righthand": {
			"rotation": [157.38, 86.78, -178.53],
			"translation": [2, 2.75, -5]
		},
		"firstperson_lefthand": {
			"rotation": [-12, -88.75, 0],
			"translation": [4.75, 0.75, -7.25]
		},
		"ground": {
			"translation": [0, 9.5, 0]
		},
		"gui": {
			"rotation": [0, 0, -45],
			"translation": [-1.25, -1.5, 0],
			"scale": [1, 0.42773, 1]
		},
		"fixed": {
			"rotation": [0, 0, 45.5],
			"translation": [2.5, -1.75, -1.5],
			"scale": [1, 0.63477, 1]
		}
	},
	"groups": [
		0,
		1,
		2,
		3,
		{
			"name": "group",
			"origin": [7.66, 4.729, 11.595],
			"color": 0,
			"children": []
		}
	]
}