{
	"credit": "Made with Blockbench",
	"texture_size": [32, 32],
	"textures": {
		"0": "elitemobs:items/frost_palace_ice_sword",
		"particle": "elitemobs:items/frost_palace_ice_sword"
	},
	"elements": [
		{
			"from": [5, 10, 10.5],
			"to": [11.25, 12, 12.5],
			"rotation": {"angle": 0, "axis": "y", "origin": [0, -6, 0]},
			"faces": {
				"north": {"uv": [7, 1, 10.125, 2], "texture": "#0"},
				"east": {"uv": [10.5, 3, 11.5, 4], "texture": "#0"},
				"south": {"uv": [7, 1, 10.125, 2], "texture": "#0"},
				"west": {"uv": [2, 11, 3, 12], "texture": "#0"},
				"up": {"uv": [10.125, 3, 7, 2], "texture": "#0"},
				"down": {"uv": [10.125, 2, 7, 3], "texture": "#0"}
			}
		},
		{
			"from": [5, 11, 11.5],
			"to": [11.25, 27, 11.5],
			"rotation": {"angle": 0, "axis": "y", "origin": [0, -6, 0]},
			"faces": {
				"north": {"uv": [3.5, 0, 6.625, 8], "texture": "#0"},
				"east": {"uv": [0, 0, 0, 8], "texture": "#0"},
				"south": {"uv": [3.5, 0, 6.625, 8], "texture": "#0"},
				"west": {"uv": [0, 0, 0, 8], "texture": "#0"},
				"up": {"uv": [3.125, 0, 0, 0], "texture": "#0"},
				"down": {"uv": [3.125, 0, 0, 0], "texture": "#0"}
			}
		},
		{
			"from": [8.75, 9.85, 11.5],
			"to": [13.5, 12, 11.5],
			"rotation": {"angle": 0, "axis": "y", "origin": [16, -6, 0]},
			"faces": {
				"north": {"uv": [10.875, 5.5, 8.5, 6.75], "texture": "#0"},
				"east": {"uv": [0, 0, 0, 1.25], "texture": "#0"},
				"south": {"uv": [8.5, 5.5, 10.875, 6.75], "texture": "#0"},
				"west": {"uv": [0, 0, 0, 1.25], "texture": "#0"},
				"up": {"uv": [2.375, 0, 0, 0], "texture": "#0"},
				"down": {"uv": [2.375, 0, 0, 0], "texture": "#0"}
			}
		},
		{
			"from": [2.75, 9.85, 11.5],
			"to": [7.5, 12, 11.5],
			"rotation": {"angle": 0, "axis": "y", "origin": [0, -6, 0]},
			"faces": {
				"north": {"uv": [8.5, 5.5, 10.875, 6.75], "texture": "#0"},
				"east": {"uv": [0, 0, 0, 1.25], "texture": "#0"},
				"south": {"uv": [10.875, 5.5, 8.5, 6.75], "texture": "#0"},
				"west": {"uv": [0, 0, 0, 1.25], "texture": "#0"},
				"up": {"uv": [0, 0, 2.375, 0], "texture": "#0"},
				"down": {"uv": [0, 0, 2.375, 0], "texture": "#0"}
			}
		},
		{
			"from": [6.25, 11.1, 10.35],
			"to": [8.75, 13.6, 12.65],
			"rotation": {"angle": 45, "axis": "z", "origin": [8, 13, 11.5]},
			"faces": {
				"north": {"uv": [0, 9.5, 1.25, 10.75], "texture": "#0"},
				"east": {"uv": [8.5, 8.5, 9.75, 9.75], "texture": "#0"},
				"south": {"uv": [0, 9.5, 1.25, 10.75], "texture": "#0"},
				"west": {"uv": [1.5, 9.5, 2.75, 10.75], "texture": "#0"},
				"up": {"uv": [4.25, 10.75, 3, 9.5], "texture": "#0"},
				"down": {"uv": [8.25, 10, 7, 11.25], "texture": "#0"}
			}
		},
		{
			"from": [0.5, 5.5, 10.65],
			"to": [3, 8, 12.35],
			"rotation": {"angle": 45, "axis": "z", "origin": [8, 13, 11.5]},
			"faces": {
				"north": {"uv": [0, 9.5, 1.25, 10.75], "texture": "#0"},
				"east": {"uv": [8.5, 8.5, 9.75, 9.75], "texture": "#0"},
				"south": {"uv": [0, 9.5, 1.25, 10.75], "texture": "#0"},
				"west": {"uv": [11.5, 9, 12.25, 9.75], "texture": "#0"},
				"up": {"uv": [4.25, 10.75, 3, 9.5], "texture": "#0"},
				"down": {"uv": [12.25, 9, 11.5, 9.75], "texture": "#0"}
			}
		},
		{
			"from": [9.885, 5.56, 10.805],
			"to": [11.335, 7.01, 12.255],
			"rotation": {"angle": -45, "axis": "z", "origin": [8, 7.54, 10.03]},
			"faces": {
				"north": {"uv": [11.5, 7, 12.25, 7.75], "texture": "#0"},
				"east": {"uv": [7.5, 11.5, 8.25, 12.25], "texture": "#0"},
				"south": {"uv": [11.5, 8, 12.25, 8.75], "texture": "#0"},
				"west": {"uv": [8.5, 11.5, 9.25, 12.25], "texture": "#0"},
				"up": {"uv": [12.25, 9.75, 11.5, 9], "texture": "#0"},
				"down": {"uv": [10.25, 11.5, 9.5, 12.25], "texture": "#0"}
			}
		},
		{
			"from": [4.665, 5.56, 10.805],
			"to": [6.115, 7.01, 12.255],
			"rotation": {"angle": 45, "axis": "z", "origin": [8, 7.54, 10.03]},
			"faces": {
				"north": {"uv": [12.25, 7, 11.5, 7.75], "texture": "#0"},
				"east": {"uv": [9.25, 11.5, 8.5, 12.25], "texture": "#0"},
				"south": {"uv": [12.25, 8, 11.5, 8.75], "texture": "#0"},
				"west": {"uv": [8.25, 11.5, 7.5, 12.25], "texture": "#0"},
				"up": {"uv": [11.5, 9.75, 12.25, 9], "texture": "#0"},
				"down": {"uv": [9.5, 11.5, 10.25, 12.25], "texture": "#0"}
			}
		},
		{
			"from": [7.15, 4.5, 10.75],
			"to": [8.9, 10, 12.25],
			"rotation": {"angle": 0, "axis": "y", "origin": [0, -6, 0]},
			"faces": {
				"north": {"uv": [7, 7, 8.125, 9.375], "texture": "#0"},
				"east": {"uv": [5, 8, 5.75, 10.75], "texture": "#0"},
				"south": {"uv": [7, 7, 8.125, 9.75], "texture": "#0"},
				"west": {"uv": [5, 8, 5.75, 10.75], "texture": "#0"},
				"up": {"uv": [4.125, 11.75, 3, 11], "texture": "#0"},
				"down": {"uv": [12.125, 4, 11, 4.75], "texture": "#0"}
			}
		}
	],
	"display": {
		"thirdperson_righthand": {
			"rotation": [-47.12, 89.1, 49.41],
			"translation": [-3.5, -1.25, 1.75]
		},
		"thirdperson_lefthand": {
			"rotation": [174.88, 89.78, -175.19],
			"translation": [-3.25, -1.25, 2]
		},
		"firstperson_righthand": {
			"rotation": [-161.81, 83.8, 163.63],
			"translation": [-2.5, -2.5, -2.75]
		},
		"firstperson_lefthand": {
			"rotation": [0, -84.75, 0],
			"translation": [3.5, -2.25, -3]
		},
		"gui": {
			"translation": [0, -4.25, 0],
			"scale": [1, 0.625, 1]
		},
		"fixed": {
			"translation": [0, -5, -6.25],
			"scale": [1, 0.75195, 1]
		}
	}
}