{
	"credit": "Made with Blockbench",
	"texture_size": [64, 64],
	"textures": {
		"0": "elitemobs:blocks/spear_texture",
		"particle": "elitemobs:blocks/spear_texture"
	},
	"elements": [
		{
			"name": "hexadecagon",
			"from": [7.90054, -15.5, 7.5],
			"to": [8.09946, 13.5, 8.5],
			"rotation": {"angle": -45, "axis": "y", "origin": [8, -7, 8]},
			"faces": {
				"north": {"uv": [0.00003, 0.00003, 0.24997, 7.24997], "texture": "#0"},
				"south": {"uv": [0.50003, 0.50003, 0.74997, 7.74997], "texture": "#0"},
				"up": {"uv": [3.49997, 3.24997, 3.25003, 3.00003], "texture": "#0"},
				"down": {"uv": [3.99997, 3.50003, 3.75003, 3.74997], "texture": "#0"}
			}
		},
		{
			"name": "hexadecagon",
			"from": [7.90054, -15.5, 7.5],
			"to": [8.09946, 13.5, 8.5],
			"rotation": {"angle": -22.5, "axis": "y", "origin": [8, -7, 8]},
			"faces": {
				"north": {"uv": [1.00003, 1.00003, 1.24997, 8.24997], "texture": "#0"},
				"south": {"uv": [1.50003, 1.50003, 1.74997, 8.74997], "texture": "#0"},
				"up": {"uv": [4.49997, 4.24997, 4.25003, 4.00003], "texture": "#0"},
				"down": {"uv": [4.99997, 4.50003, 4.75003, 4.74997], "texture": "#0"}
			}
		},
		{
			"name": "hexadecagon",
			"from": [7.90054, -15.5, 7.5],
			"to": [8.09946, 13.5, 8.5],
			"rotation": {"angle": 0, "axis": "y", "origin": [8, -7, 8]},
			"faces": {
				"north": {"uv": [2.00003, 2.00003, 2.24997, 9.24997], "texture": "#0"},
				"south": {"uv": [2.50003, 2.50003, 2.74997, 9.74997], "texture": "#0"},
				"up": {"uv": [5.49997, 5.24997, 5.25003, 5.00003], "texture": "#0"},
				"down": {"uv": [5.99997, 5.50003, 5.75003, 5.74997], "texture": "#0"}
			}
		},
		{
			"name": "hexadecagon",
			"from": [7.90054, -15.5, 7.5],
			"to": [8.09946, 13.5, 8.5],
			"rotation": {"angle": 22.5, "axis": "y", "origin": [8, -7, 8]},
			"faces": {
				"north": {"uv": [3.00003, 3.00003, 3.24997, 10.24997], "texture": "#0"},
				"south": {"uv": [3.50003, 3.50003, 3.74997, 10.74997], "texture": "#0"},
				"up": {"uv": [6.49997, 6.24997, 6.25003, 6.00003], "texture": "#0"},
				"down": {"uv": [6.99997, 3.00003, 6.75003, 3.24997], "texture": "#0"}
			}
		},
		{
			"name": "hexadecagon",
			"from": [7.90054, -15.5, 7.5],
			"to": [8.09946, 13.5, 8.5],
			"rotation": {"angle": 45, "axis": "y", "origin": [8, -7, 8]},
			"faces": {
				"north": {"uv": [4.00003, 4.00003, 4.24997, 11.24997], "texture": "#0"},
				"south": {"uv": [4.50003, 4.50003, 4.74997, 11.74997], "texture": "#0"},
				"up": {"uv": [6.99997, 3.49997, 6.75003, 3.25003], "texture": "#0"},
				"down": {"uv": [6.99997, 3.50003, 6.75003, 3.74997], "texture": "#0"}
			}
		},
		{
			"name": "hexadecagon",
			"from": [7.5, -15.5, 7.90054],
			"to": [8.5, 13.5, 8.09946],
			"rotation": {"angle": -22.5, "axis": "y", "origin": [8, -7, 8]},
			"faces": {
				"east": {"uv": [5.25003, 5.25003, 5.49997, 12.49997], "texture": "#0"},
				"west": {"uv": [5.75003, 5.75003, 5.99997, 12.99997], "texture": "#0"},
				"up": {"uv": [6.99997, 3.99997, 6.75003, 3.75003], "texture": "#0"},
				"down": {"uv": [6.99997, 4.00003, 6.75003, 4.24997], "texture": "#0"}
			}
		},
		{
			"name": "hexadecagon",
			"from": [7.5, -15.5, 7.90054],
			"to": [8.5, 13.5, 8.09946],
			"rotation": {"angle": 0, "axis": "y", "origin": [8, -7, 8]},
			"faces": {
				"east": {"uv": [6.25003, 6.25003, 6.49997, 13.49997], "texture": "#0"},
				"west": {"uv": [6.75003, 6.75003, 6.99997, 13.99997], "texture": "#0"},
				"down": {"uv": [6.99997, 4.50003, 6.75003, 4.74997], "texture": "#0"}
			}
		},
		{
			"name": "hexadecagon",
			"from": [7.5, -15.5, 7.90054],
			"to": [8.5, 13.5, 8.09946],
			"rotation": {"angle": 22.5, "axis": "y", "origin": [8, -7, 8]},
			"faces": {
				"east": {"uv": [0.00003, 7.25003, 0.24997, 14.49997], "texture": "#0"},
				"west": {"uv": [7.25003, 0.00003, 7.49997, 7.24997], "texture": "#0"},
				"up": {"uv": [6.99997, 4.99997, 6.75003, 4.75003], "texture": "#0"},
				"down": {"uv": [6.99997, 5.00003, 6.75003, 5.24997], "texture": "#0"}
			}
		},
		{
			"name": "hexadecagon",
			"from": [7.87916, -15.25, 7.3925],
			"to": [8.12084, -14.75, 7.6425],
			"rotation": {"angle": -45, "axis": "y", "origin": [8, -14, 8]},
			"faces": {
				"north": {"uv": [6.75003, 5.25003, 6.99997, 5.49997], "texture": "#0"},
				"up": {"uv": [6.99997, 6.49997, 6.75003, 6.25003], "texture": "#0"},
				"down": {"uv": [6.99997, 6.50003, 6.75003, 6.74997], "texture": "#0"}
			}
		},
		{
			"name": "hexadecagon",
			"from": [7.87916, -15.25, 7.3925],
			"to": [8.12084, -14.75, 7.6425],
			"rotation": {"angle": -22.5, "axis": "y", "origin": [8, -14, 8]},
			"faces": {
				"north": {"uv": [7.00003, 0.00003, 7.24997, 0.24997], "texture": "#0"},
				"up": {"uv": [7.24997, 1.24997, 7.00003, 1.00003], "texture": "#0"},
				"down": {"uv": [7.24997, 1.25003, 7.00003, 1.49997], "texture": "#0"}
			}
		},
		{
			"name": "hexadecagon",
			"from": [7.87916, -15.25, 7.3925],
			"to": [8.12084, -14.75, 7.6425],
			"rotation": {"angle": 0, "axis": "y", "origin": [8, -14, 8]},
			"faces": {
				"north": {"uv": [7.00003, 1.50003, 7.24997, 1.74997], "texture": "#0"},
				"up": {"uv": [7.24997, 3.24997, 7.00003, 3.00003], "texture": "#0"},
				"down": {"uv": [7.24997, 3.25003, 7.00003, 3.49997], "texture": "#0"}
			}
		},
		{
			"name": "hexadecagon",
			"from": [7.87916, -15.25, 7.3925],
			"to": [8.12084, -14.75, 7.6425],
			"rotation": {"angle": 22.5, "axis": "y", "origin": [8, -14, 8]},
			"faces": {
				"north": {"uv": [7.00003, 3.50003, 7.24997, 3.74997], "texture": "#0"},
				"up": {"uv": [7.24997, 4.74997, 7.00003, 4.50003], "texture": "#0"},
				"down": {"uv": [7.24997, 4.75003, 7.00003, 4.99997], "texture": "#0"}
			}
		},
		{
			"name": "hexadecagon",
			"from": [7.87916, -15.25, 7.3925],
			"to": [8.12084, -14.75, 7.6425],
			"rotation": {"angle": 45, "axis": "y", "origin": [8, -14, 8]},
			"faces": {
				"north": {"uv": [7.00003, 5.00003, 7.24997, 5.24997], "texture": "#0"},
				"up": {"uv": [7.24997, 6.24997, 7.00003, 6.00003], "texture": "#0"},
				"down": {"uv": [7.24997, 6.25003, 7.00003, 6.49997], "texture": "#0"}
			}
		},
		{
			"name": "hexadecagon",
			"from": [7.87916, -15.25, 8.3575],
			"to": [8.12084, -14.75, 8.6075],
			"rotation": {"angle": -45, "axis": "y", "origin": [8, -14, 8]},
			"faces": {
				"south": {"uv": [0.25003, 7.50003, 0.49997, 7.74997], "texture": "#0"},
				"up": {"uv": [7.74997, 0.24997, 7.50003, 0.00003], "texture": "#0"},
				"down": {"uv": [7.74997, 0.25003, 7.50003, 0.49997], "texture": "#0"}
			}
		},
		{
			"name": "hexadecagon",
			"from": [7.87916, -15.25, 8.3575],
			"to": [8.12084, -14.75, 8.6075],
			"rotation": {"angle": -22.5, "axis": "y", "origin": [8, -14, 8]},
			"faces": {
				"south": {"uv": [7.50003, 1.00003, 7.74997, 1.24997], "texture": "#0"},
				"up": {"uv": [7.74997, 1.74997, 7.50003, 1.50003], "texture": "#0"},
				"down": {"uv": [7.74997, 1.75003, 7.50003, 1.99997], "texture": "#0"}
			}
		},
		{
			"name": "hexadecagon",
			"from": [7.87916, -15.25, 8.3575],
			"to": [8.12084, -14.75, 8.6075],
			"rotation": {"angle": 0, "axis": "y", "origin": [8, -14, 8]},
			"faces": {
				"south": {"uv": [7.50003, 2.50003, 7.74997, 2.74997], "texture": "#0"},
				"up": {"uv": [7.74997, 3.24997, 7.50003, 3.00003], "texture": "#0"},
				"down": {"uv": [7.74997, 3.25003, 7.50003, 3.49997], "texture": "#0"}
			}
		},
		{
			"name": "hexadecagon",
			"from": [7.87916, -15.25, 8.3575],
			"to": [8.12084, -14.75, 8.6075],
			"rotation": {"angle": 22.5, "axis": "y", "origin": [8, -14, 8]},
			"faces": {
				"south": {"uv": [7.50003, 4.00003, 7.74997, 4.24997], "texture": "#0"},
				"up": {"uv": [7.74997, 4.74997, 7.50003, 4.50003], "texture": "#0"},
				"down": {"uv": [7.74997, 4.75003, 7.50003, 4.99997], "texture": "#0"}
			}
		},
		{
			"name": "hexadecagon",
			"from": [7.87916, -15.25, 8.3575],
			"to": [8.12084, -14.75, 8.6075],
			"rotation": {"angle": 45, "axis": "y", "origin": [8, -14, 8]},
			"faces": {
				"south": {"uv": [7.50003, 5.50003, 7.74997, 5.74997], "texture": "#0"},
				"up": {"uv": [7.74997, 6.24997, 7.50003, 6.00003], "texture": "#0"},
				"down": {"uv": [7.74997, 6.25003, 7.50003, 6.49997], "texture": "#0"}
			}
		},
		{
			"name": "hexadecagon",
			"from": [7.3925, -15.25, 7.87916],
			"to": [7.6425, -14.75, 8.12084],
			"rotation": {"angle": -22.5, "axis": "y", "origin": [8, -14, 8]},
			"faces": {
				"west": {"uv": [7.50003, 7.25003, 7.74997, 7.49997], "texture": "#0"},
				"up": {"uv": [0.49997, 7.99997, 0.25003, 7.75003], "texture": "#0"},
				"down": {"uv": [0.74997, 7.75003, 0.50003, 7.99997], "texture": "#0"}
			}
		},
		{
			"name": "hexadecagon",
			"from": [7.3925, -15.25, 7.87916],
			"to": [7.6425, -14.75, 8.12084],
			"rotation": {"angle": 0, "axis": "y", "origin": [8, -14, 8]},
			"faces": {
				"west": {"uv": [7.75003, 0.25003, 7.99997, 0.49997], "texture": "#0"},
				"up": {"uv": [7.99997, 0.74997, 7.75003, 0.50003], "texture": "#0"},
				"down": {"uv": [7.99997, 0.75003, 7.75003, 0.99997], "texture": "#0"}
			}
		},
		{
			"name": "hexadecagon",
			"from": [7.3925, -15.25, 7.87916],
			"to": [7.6425, -14.75, 8.12084],
			"rotation": {"angle": 22.5, "axis": "y", "origin": [8, -14, 8]},
			"faces": {
				"west": {"uv": [7.75003, 1.75003, 7.99997, 1.99997], "texture": "#0"},
				"up": {"uv": [7.99997, 2.24997, 7.75003, 2.00003], "texture": "#0"},
				"down": {"uv": [7.99997, 2.25003, 7.75003, 2.49997], "texture": "#0"}
			}
		},
		{
			"name": "hexadecagon",
			"from": [8.3575, -15.25, 7.87916],
			"to": [8.6075, -14.75, 8.12084],
			"rotation": {"angle": -22.5, "axis": "y", "origin": [8, -14, 8]},
			"faces": {
				"east": {"uv": [7.75003, 2.75003, 7.99997, 2.99997], "texture": "#0"},
				"up": {"uv": [7.99997, 3.74997, 7.75003, 3.50003], "texture": "#0"},
				"down": {"uv": [7.99997, 3.75003, 7.75003, 3.99997], "texture": "#0"}
			}
		},
		{
			"name": "hexadecagon",
			"from": [8.3575, -15.25, 7.87916],
			"to": [8.6075, -14.75, 8.12084],
			"rotation": {"angle": 0, "axis": "y", "origin": [8, -14, 8]},
			"faces": {
				"east": {"uv": [7.75003, 4.25003, 7.99997, 4.49997], "texture": "#0"},
				"up": {"uv": [7.99997, 5.24997, 7.75003, 5.00003], "texture": "#0"},
				"down": {"uv": [7.99997, 5.25003, 7.75003, 5.49997], "texture": "#0"}
			}
		},
		{
			"name": "hexadecagon",
			"from": [8.3575, -15.25, 7.87916],
			"to": [8.6075, -14.75, 8.12084],
			"rotation": {"angle": 22.5, "axis": "y", "origin": [8, -14, 8]},
			"faces": {
				"east": {"uv": [7.75003, 5.75003, 7.99997, 5.99997], "texture": "#0"},
				"up": {"uv": [7.99997, 6.74997, 7.75003, 6.50003], "texture": "#0"},
				"down": {"uv": [7.99997, 6.75003, 7.75003, 6.99997], "texture": "#0"}
			}
		},
		{
			"name": "hexadecagon",
			"from": [7.87916, 12.75, 7.3925],
			"to": [8.12084, 13.25, 7.6425],
			"rotation": {"angle": -45, "axis": "y", "origin": [8, 14, 8]},
			"faces": {
				"north": {"uv": [7.75003, 7.00003, 7.99997, 7.24997], "texture": "#0"},
				"up": {"uv": [0.74997, 8.24997, 0.50003, 8.00003], "texture": "#0"},
				"down": {"uv": [0.99997, 8.00003, 0.75003, 8.24997], "texture": "#0"}
			}
		},
		{
			"name": "hexadecagon",
			"from": [7.87916, 12.75, 7.3925],
			"to": [8.12084, 13.25, 7.6425],
			"rotation": {"angle": -22.5, "axis": "y", "origin": [8, 14, 8]},
			"faces": {
				"north": {"uv": [7.50003, 8.00003, 7.74997, 8.24997], "texture": "#0"},
				"up": {"uv": [8.24997, 0.49997, 8.00003, 0.25003], "texture": "#0"},
				"down": {"uv": [8.24997, 0.50003, 8.00003, 0.74997], "texture": "#0"}
			}
		},
		{
			"name": "hexadecagon",
			"from": [7.87916, 12.75, 7.3925],
			"to": [8.12084, 13.25, 7.6425],
			"rotation": {"angle": 0, "axis": "y", "origin": [8, 14, 8]},
			"faces": {
				"north": {"uv": [8.00003, 0.75003, 8.24997, 0.99997], "texture": "#0"},
				"up": {"uv": [8.24997, 1.99997, 8.00003, 1.75003], "texture": "#0"},
				"down": {"uv": [8.24997, 2.00003, 8.00003, 2.24997], "texture": "#0"}
			}
		},
		{
			"name": "hexadecagon",
			"from": [7.87916, 12.75, 7.3925],
			"to": [8.12084, 13.25, 7.6425],
			"rotation": {"angle": 22.5, "axis": "y", "origin": [8, 14, 8]},
			"faces": {
				"north": {"uv": [8.00003, 2.25003, 8.24997, 2.49997], "texture": "#0"},
				"up": {"uv": [8.24997, 3.49997, 8.00003, 3.25003], "texture": "#0"},
				"down": {"uv": [8.24997, 3.50003, 8.00003, 3.74997], "texture": "#0"}
			}
		},
		{
			"name": "hexadecagon",
			"from": [7.87916, 12.75, 7.3925],
			"to": [8.12084, 13.25, 7.6425],
			"rotation": {"angle": 45, "axis": "y", "origin": [8, 14, 8]},
			"faces": {
				"north": {"uv": [8.00003, 3.75003, 8.24997, 3.99997], "texture": "#0"},
				"up": {"uv": [8.24997, 4.99997, 8.00003, 4.75003], "texture": "#0"},
				"down": {"uv": [8.24997, 5.00003, 8.00003, 5.24997], "texture": "#0"}
			}
		},
		{
			"name": "hexadecagon",
			"from": [7.87916, 12.75, 8.3575],
			"to": [8.12084, 13.25, 8.6075],
			"rotation": {"angle": -45, "axis": "y", "origin": [8, 14, 8]},
			"faces": {
				"south": {"uv": [8.00003, 5.75003, 8.24997, 5.99997], "texture": "#0"},
				"up": {"uv": [8.24997, 6.49997, 8.00003, 6.25003], "texture": "#0"},
				"down": {"uv": [8.24997, 6.50003, 8.00003, 6.74997], "texture": "#0"}
			}
		},
		{
			"name": "hexadecagon",
			"from": [7.87916, 12.75, 8.3575],
			"to": [8.12084, 13.25, 8.6075],
			"rotation": {"angle": -22.5, "axis": "y", "origin": [8, 14, 8]},
			"faces": {
				"south": {"uv": [8.00003, 7.25003, 8.24997, 7.49997], "texture": "#0"},
				"up": {"uv": [8.24997, 7.99997, 8.00003, 7.75003], "texture": "#0"},
				"down": {"uv": [0.49997, 8.25003, 0.25003, 8.49997], "texture": "#0"}
			}
		},
		{
			"name": "hexadecagon",
			"from": [7.87916, 12.75, 8.3575],
			"to": [8.12084, 13.25, 8.6075],
			"rotation": {"angle": 0, "axis": "y", "origin": [8, 14, 8]},
			"faces": {
				"south": {"uv": [1.00003, 8.25003, 1.24997, 8.49997], "texture": "#0"},
				"up": {"uv": [7.99997, 8.49997, 7.75003, 8.25003], "texture": "#0"},
				"down": {"uv": [8.24997, 8.25003, 8.00003, 8.49997], "texture": "#0"}
			}
		},
		{
			"name": "hexadecagon",
			"from": [7.87916, 12.75, 8.3575],
			"to": [8.12084, 13.25, 8.6075],
			"rotation": {"angle": 22.5, "axis": "y", "origin": [8, 14, 8]},
			"faces": {
				"south": {"uv": [8.25003, 0.25003, 8.49997, 0.49997], "texture": "#0"},
				"up": {"uv": [8.49997, 0.99997, 8.25003, 0.75003], "texture": "#0"},
				"down": {"uv": [8.49997, 1.00003, 8.25003, 1.24997], "texture": "#0"}
			}
		},
		{
			"name": "hexadecagon",
			"from": [7.87916, 12.75, 8.3575],
			"to": [8.12084, 13.25, 8.6075],
			"rotation": {"angle": 45, "axis": "y", "origin": [8, 14, 8]},
			"faces": {
				"south": {"uv": [8.25003, 1.75003, 8.49997, 1.99997], "texture": "#0"},
				"up": {"uv": [8.49997, 2.49997, 8.25003, 2.25003], "texture": "#0"},
				"down": {"uv": [8.49997, 2.50003, 8.25003, 2.74997], "texture": "#0"}
			}
		},
		{
			"name": "hexadecagon",
			"from": [7.3925, 12.75, 7.87916],
			"to": [7.6425, 13.25, 8.12084],
			"rotation": {"angle": -22.5, "axis": "y", "origin": [8, 14, 8]},
			"faces": {
				"west": {"uv": [8.25003, 3.50003, 8.49997, 3.74997], "texture": "#0"},
				"up": {"uv": [8.49997, 3.99997, 8.25003, 3.75003], "texture": "#0"},
				"down": {"uv": [8.49997, 4.00003, 8.25003, 4.24997], "texture": "#0"}
			}
		},
		{
			"name": "hexadecagon",
			"from": [7.3925, 12.75, 7.87916],
			"to": [7.6425, 13.25, 8.12084],
			"rotation": {"angle": 0, "axis": "y", "origin": [8, 14, 8]},
			"faces": {
				"west": {"uv": [8.25003, 5.00003, 8.49997, 5.24997], "texture": "#0"},
				"down": {"uv": [8.49997, 5.50003, 8.25003, 5.74997], "texture": "#0"}
			}
		},
		{
			"name": "hexadecagon",
			"from": [7.3925, 12.75, 7.87916],
			"to": [7.6425, 13.25, 8.12084],
			"rotation": {"angle": 22.5, "axis": "y", "origin": [8, 14, 8]},
			"faces": {
				"west": {"uv": [8.25003, 6.50003, 8.49997, 6.74997], "texture": "#0"},
				"up": {"uv": [8.49997, 6.99997, 8.25003, 6.75003], "texture": "#0"},
				"down": {"uv": [8.49997, 7.00003, 8.25003, 7.24997], "texture": "#0"}
			}
		},
		{
			"name": "hexadecagon",
			"from": [8.3575, 12.75, 7.87916],
			"to": [8.6075, 13.25, 8.12084],
			"rotation": {"angle": -22.5, "axis": "y", "origin": [8, 14, 8]},
			"faces": {
				"east": {"uv": [8.25003, 7.50003, 8.49997, 7.74997], "texture": "#0"},
				"up": {"uv": [0.49997, 8.74997, 0.25003, 8.50003], "texture": "#0"},
				"down": {"uv": [0.74997, 8.50003, 0.50003, 8.74997], "texture": "#0"}
			}
		},
		{
			"name": "hexadecagon",
			"from": [9.41932, 12.31345, 7.6],
			"to": [9.66932, 14.31345, 8.4],
			"rotation": {"angle": -45, "axis": "z", "origin": [9.06182, 14.56345, 8]},
			"faces": {
				"north": {"uv": [0.50003, 0.00003, 0.74997, 0.49997], "texture": "#0"},
				"east": {"uv": [0.75003, 0.00003, 0.99997, 0.49997], "texture": "#0"},
				"south": {"uv": [1.00003, 0.00003, 1.24997, 0.49997], "texture": "#0"},
				"west": {"uv": [1.00003, 0.50003, 1.24997, 0.99997], "texture": "#0"},
				"down": {"uv": [1.24997, 8.50003, 1.00003, 8.74997], "texture": "#0"}
			}
		},
		{
			"name": "hexadecagon",
			"from": [9.59609, 12.84378, 7.55],
			"to": [9.84609, 14.34378, 8.45],
			"rotation": {"angle": -45, "axis": "z", "origin": [9.23859, 15.09378, 8]},
			"faces": {
				"north": {"uv": [2.25003, 0.00003, 2.49997, 0.49997], "texture": "#0"},
				"east": {"uv": [2.25003, 0.50003, 2.49997, 0.99997], "texture": "#0"},
				"south": {"uv": [2.25003, 1.00003, 2.49997, 1.49997], "texture": "#0"}
			}
		},
		{
			"name": "hexadecagon",
			"from": [7.78292, 13.52558, 7.55],
			"to": [9.13292, 14.82558, 8.45],
			"rotation": {"angle": -45, "axis": "z", "origin": [8.42542, 14.77558, 8]},
			"faces": {
				"north": {"uv": [1.00003, 9.00003, 1.24997, 9.24997], "texture": "#0"},
				"south": {"uv": [1.50003, 9.00003, 1.74997, 9.24997], "texture": "#0"}
			}
		},
		{
			"name": "hexadecagon",
			"from": [6.89637, 13.45487, 7.55],
			"to": [7.14637, 14.75487, 8.45],
			"rotation": {"angle": 45, "axis": "z", "origin": [7.50387, 14.70487, 8]},
			"faces": {
				"north": {"uv": [8.00003, 9.00003, 8.24997, 9.24997], "texture": "#0"},
				"south": {"uv": [8.50003, 9.00003, 8.74997, 9.24997], "texture": "#0"}
			}
		},
		{
			"name": "hexadecagon",
			"from": [6.15391, 12.84378, 7.55],
			"to": [6.40391, 14.34378, 8.45],
			"rotation": {"angle": 45, "axis": "z", "origin": [6.76141, 15.09378, 8]},
			"faces": {
				"north": {"uv": [3.00003, 2.50003, 3.24997, 2.99997], "texture": "#0"},
				"south": {"uv": [3.50003, 2.50003, 3.74997, 2.99997], "texture": "#0"},
				"west": {"uv": [3.50003, 3.00003, 3.74997, 3.49997], "texture": "#0"}
			}
		},
		{
			"name": "hexadecagon",
			"from": [9.06461, 13.95711, 7.6],
			"to": [9.31461, 14.45711, 8.4],
			"rotation": {"angle": 0, "axis": "z", "origin": [8.70711, 15.20711, 8]},
			"faces": {
				"north": {"uv": [8.50003, 2.00003, 8.74997, 2.24997], "texture": "#0"},
				"east": {"uv": [8.50003, 2.25003, 8.74997, 2.49997], "texture": "#0"},
				"south": {"uv": [8.50003, 2.50003, 8.74997, 2.74997], "texture": "#0"}
			}
		},
		{
			"name": "hexadecagon",
			"from": [8.88783, 14.13388, 7.55],
			"to": [9.13783, 14.43388, 8.45],
			"rotation": {"angle": 0, "axis": "z", "origin": [8.53033, 15.38388, 8]},
			"faces": {
				"north": {"uv": [7.50003, 8.75003, 7.74997, 8.99997], "texture": "#0"},
				"east": {"uv": [7.75003, 8.75003, 7.99997, 8.99997], "texture": "#0"},
				"south": {"uv": [8.00003, 8.75003, 8.24997, 8.99997], "texture": "#0"}
			}
		},
		{
			"name": "hexadecagon",
			"from": [6.86217, 14.13388, 7.55],
			"to": [7.11217, 14.43388, 8.45],
			"rotation": {"angle": 0, "axis": "z", "origin": [7.46967, 15.38388, 8]},
			"faces": {
				"north": {"uv": [8.75003, 0.00003, 8.99997, 0.24997], "texture": "#0"},
				"south": {"uv": [8.75003, 0.50003, 8.99997, 0.74997], "texture": "#0"},
				"west": {"uv": [8.75003, 0.75003, 8.99997, 0.99997], "texture": "#0"}
			}
		},
		{
			"name": "hexadecagon",
			"from": [6.68539, 13.95711, 7.6],
			"to": [6.93539, 14.45711, 8.4],
			"rotation": {"angle": 0, "axis": "z", "origin": [7.29289, 15.20711, 8]},
			"faces": {
				"north": {"uv": [8.50003, 3.50003, 8.74997, 3.74997], "texture": "#0"},
				"south": {"uv": [8.50003, 4.00003, 8.74997, 4.24997], "texture": "#0"},
				"west": {"uv": [8.50003, 4.25003, 8.74997, 4.49997], "texture": "#0"}
			}
		},
		{
			"name": "hexadecagon",
			"from": [6.33068, 12.31345, 7.6],
			"to": [6.58068, 14.31345, 8.4],
			"rotation": {"angle": 45, "axis": "z", "origin": [6.93818, 14.56345, 8]},
			"faces": {
				"north": {"uv": [1.25003, 0.00003, 1.49997, 0.49997], "texture": "#0"},
				"east": {"uv": [1.25003, 0.50003, 1.49997, 0.99997], "texture": "#0"},
				"south": {"uv": [1.50003, 0.00003, 1.74997, 0.49997], "texture": "#0"},
				"west": {"uv": [1.50003, 0.50003, 1.74997, 0.99997], "texture": "#0"},
				"down": {"uv": [8.74997, 1.75003, 8.50003, 1.99997], "texture": "#0"}
			}
		},
		{
			"name": "hexadecagon",
			"from": [7.50019, 14.05336, 7.6],
			"to": [7.75019, 16.05336, 8.4],
			"rotation": {"angle": -22.5, "axis": "z", "origin": [8.10769, 16.30336, 8]},
			"faces": {
				"north": {"uv": [1.50003, 1.00003, 1.74997, 1.49997], "texture": "#0"},
				"south": {"uv": [1.75003, 0.50003, 1.99997, 0.99997], "texture": "#0"},
				"west": {"uv": [1.75003, 1.00003, 1.99997, 1.49997], "texture": "#0"}
			}
		},
		{
			"name": "hexadecagon",
			"from": [7.67696, 14.03013, 7.55],
			"to": [7.92696, 15.83013, 8.45],
			"rotation": {"angle": -22.5, "axis": "z", "origin": [8.28446, 16.28013, 7.95]},
			"faces": {
				"north": {"uv": [3.75003, 2.50003, 3.99997, 2.99997], "texture": "#0"},
				"south": {"uv": [4.00003, 2.50003, 4.24997, 2.99997], "texture": "#0"},
				"west": {"uv": [4.00003, 3.00003, 4.24997, 3.49997], "texture": "#0"}
			}
		},
		{
			"name": "hexadecagon",
			"from": [7.90793, 13.93446, 7.55],
			"to": [8.15793, 15.73446, 8.45],
			"rotation": {"angle": -22.5, "axis": "z", "origin": [8.51543, 16.18446, 7.95]},
			"faces": {
				"north": {"uv": [4.50003, 2.50003, 4.74997, 2.99997], "texture": "#0"},
				"east": {"uv": [4.50003, 3.00003, 4.74997, 3.49997], "texture": "#0"},
				"south": {"uv": [4.50003, 3.50003, 4.74997, 3.99997], "texture": "#0"}
			}
		},
		{
			"name": "hexadecagon",
			"from": [7.84207, 13.93446, 7.55],
			"to": [8.09207, 15.73446, 8.45],
			"rotation": {"angle": 22.5, "axis": "z", "origin": [7.48457, 16.18446, 7.95]},
			"faces": {
				"north": {"uv": [4.75003, 2.50003, 4.99997, 2.99997], "texture": "#0"},
				"south": {"uv": [4.75003, 3.50003, 4.99997, 3.99997], "texture": "#0"},
				"west": {"uv": [4.75003, 4.00003, 4.99997, 4.49997], "texture": "#0"}
			}
		},
		{
			"name": "hexadecagon",
			"from": [7.6111, 13.83879, 7.55],
			"to": [7.8611, 15.58879, 8.45],
			"rotation": {"angle": 22.5, "axis": "z", "origin": [7.2536, 16.08879, 7.95]},
			"faces": {
				"north": {"uv": [5.50003, 5.00003, 5.74997, 5.49997], "texture": "#0"},
				"south": {"uv": [6.00003, 5.00003, 6.24997, 5.49997], "texture": "#0"},
				"up": {"uv": [9.24997, 0.49997, 9.00003, 0.25003], "texture": "#0"}
			}
		},
		{
			"name": "hexadecagon",
			"from": [8.1389, 13.83879, 7.55],
			"to": [8.3889, 15.58879, 8.45],
			"rotation": {"angle": -22.5, "axis": "z", "origin": [8.7464, 16.08879, 7.95]},
			"faces": {
				"north": {"uv": [6.25003, 5.00003, 6.49997, 5.49997], "texture": "#0"},
				"south": {"uv": [6.50003, 0.00003, 6.74997, 0.49997], "texture": "#0"},
				"up": {"uv": [9.24997, 0.99997, 9.00003, 0.75003], "texture": "#0"}
			}
		},
		{
			"name": "hexadecagon",
			"from": [8.07304, 14.03013, 7.55],
			"to": [8.32304, 15.83013, 8.45],
			"rotation": {"angle": 22.5, "axis": "z", "origin": [7.71554, 16.28013, 7.95]},
			"faces": {
				"north": {"uv": [4.00003, 3.50003, 4.24997, 3.99997], "texture": "#0"},
				"east": {"uv": [4.25003, 2.50003, 4.49997, 2.99997], "texture": "#0"},
				"south": {"uv": [4.25003, 3.00003, 4.49997, 3.49997], "texture": "#0"}
			}
		},
		{
			"name": "hexadecagon",
			"from": [8.24981, 14.05336, 7.6],
			"to": [8.49981, 16.05336, 8.4],
			"rotation": {"angle": 22.5, "axis": "z", "origin": [7.89231, 16.30336, 8]},
			"faces": {
				"north": {"uv": [2.00003, 0.00003, 2.24997, 0.49997], "texture": "#0"},
				"east": {"uv": [2.00003, 0.50003, 2.24997, 0.99997], "texture": "#0"},
				"south": {"uv": [2.00003, 1.00003, 2.24997, 1.49997], "texture": "#0"}
			}
		},
		{
			"name": "hexadecagon",
			"from": [6.88618, 15.21629, 7.6],
			"to": [7.13618, 15.96629, 8.4],
			"rotation": {"angle": 45, "axis": "z", "origin": [6.52868, 17.46629, 8]},
			"faces": {
				"north": {"uv": [8.50003, 6.00003, 8.74997, 6.24997], "texture": "#0"},
				"east": {"uv": [8.50003, 6.25003, 8.74997, 6.49997], "texture": "#0"},
				"south": {"uv": [8.50003, 6.50003, 8.74997, 6.74997], "texture": "#0"},
				"up": {"uv": [8.74997, 7.24997, 8.50003, 7.00003], "texture": "#0"}
			}
		},
		{
			"name": "hexadecagon",
			"from": [8.86382, 15.21629, 7.6],
			"to": [9.11382, 15.96629, 8.4],
			"rotation": {"angle": -45, "axis": "z", "origin": [9.47132, 17.46629, 8]},
			"faces": {
				"north": {"uv": [8.50003, 7.50003, 8.74997, 7.74997], "texture": "#0"},
				"south": {"uv": [8.50003, 8.00003, 8.74997, 8.24997], "texture": "#0"},
				"west": {"uv": [8.50003, 8.25003, 8.74997, 8.49997], "texture": "#0"},
				"up": {"uv": [0.49997, 8.99997, 0.25003, 8.75003], "texture": "#0"}
			}
		},
		{
			"name": "hexadecagon",
			"from": [8.96406, 15.00829, 7.55],
			"to": [9.21406, 15.65329, 8.45],
			"rotation": {"angle": -45, "axis": "z", "origin": [9.57156, 17.25829, 7.95]},
			"faces": {
				"north": {"uv": [8.75003, 2.50003, 8.99997, 2.74997], "texture": "#0"},
				"east": {"uv": [8.75003, 2.75003, 8.99997, 2.99997], "texture": "#0"},
				"south": {"uv": [8.75003, 3.00003, 8.99997, 3.24997], "texture": "#0"},
				"west": {"uv": [8.75003, 3.25003, 8.99997, 3.49997], "texture": "#0"},
				"up": {"uv": [8.99997, 3.74997, 8.75003, 3.50003], "texture": "#0"}
			}
		},
		{
			"name": "hexadecagon",
			"from": [9.19503, 14.91262, 7.55],
			"to": [9.44503, 15.21262, 8.45],
			"rotation": {"angle": -45, "axis": "z", "origin": [9.80253, 17.16262, 7.95]},
			"faces": {
				"north": {"uv": [8.75003, 6.50003, 8.99997, 6.74997], "texture": "#0"},
				"east": {"uv": [8.75003, 6.75003, 8.99997, 6.99997], "texture": "#0"},
				"south": {"uv": [8.75003, 7.00003, 8.99997, 7.24997], "texture": "#0"}
			}
		},
		{
			"name": "hexadecagon",
			"from": [6.55497, 14.91262, 7.55],
			"to": [6.80497, 15.21262, 8.45],
			"rotation": {"angle": 45, "axis": "z", "origin": [6.19747, 17.16262, 7.95]},
			"faces": {
				"north": {"uv": [8.75003, 8.00003, 8.99997, 8.24997], "texture": "#0"},
				"south": {"uv": [8.75003, 8.50003, 8.99997, 8.74997], "texture": "#0"},
				"west": {"uv": [0.25003, 9.00003, 0.49997, 9.24997], "texture": "#0"}
			}
		},
		{
			"name": "hexadecagon",
			"from": [6.78594, 15.00829, 7.55],
			"to": [7.03594, 15.65329, 8.45],
			"rotation": {"angle": 45, "axis": "z", "origin": [6.42844, 17.25829, 7.95]},
			"faces": {
				"north": {"uv": [8.75003, 4.00003, 8.99997, 4.24997], "texture": "#0"},
				"east": {"uv": [8.75003, 4.25003, 8.99997, 4.49997], "texture": "#0"},
				"south": {"uv": [8.75003, 4.50003, 8.99997, 4.74997], "texture": "#0"},
				"west": {"uv": [8.75003, 4.75003, 8.99997, 4.99997], "texture": "#0"},
				"up": {"uv": [8.99997, 5.24997, 8.75003, 5.00003], "texture": "#0"}
			}
		},
		{
			"name": "hexadecagon",
			"from": [8.3575, 12.75, 7.87916],
			"to": [8.6075, 13.25, 8.12084],
			"rotation": {"angle": 0, "axis": "y", "origin": [8, 14, 8]},
			"faces": {
				"east": {"uv": [8.50003, 0.25003, 8.74997, 0.49997], "texture": "#0"},
				"down": {"uv": [8.74997, 1.25003, 8.50003, 1.49997], "texture": "#0"}
			}
		},
		{
			"name": "hexadecagon",
			"from": [8.3575, 12.75, 7.87916],
			"to": [8.6075, 13.25, 8.12084],
			"rotation": {"angle": 22.5, "axis": "y", "origin": [8, 14, 8]},
			"faces": {
				"east": {"uv": [7.50003, 8.50003, 7.74997, 8.74997], "texture": "#0"},
				"up": {"uv": [8.49997, 8.74997, 8.25003, 8.50003], "texture": "#0"},
				"down": {"uv": [8.74997, 8.50003, 8.50003, 8.74997], "texture": "#0"}
			}
		},
		{
			"from": [6.8, 14, 7.9],
			"to": [7.05, 24, 8.1],
			"rotation": {"angle": 0, "axis": "y", "origin": [14, 24, 16]},
			"faces": {
				"north": {"uv": [3.50003, 0.00003, 3.74997, 2.49997], "texture": "#0"},
				"south": {"uv": [4.00003, 0.00003, 4.24997, 2.49997], "texture": "#0"},
				"west": {"uv": [4.25003, 0.00003, 4.49997, 2.49997], "texture": "#0"}
			}
		},
		{
			"from": [8.8, 14, 7.85],
			"to": [9.05, 24, 8.15],
			"rotation": {"angle": 0, "axis": "y", "origin": [16, 24, 17]},
			"faces": {
				"north": {"uv": [5.25003, 0.00003, 5.49997, 2.49997], "texture": "#0"},
				"east": {"uv": [5.25003, 2.50003, 5.49997, 4.99997], "texture": "#0"},
				"south": {"uv": [5.50003, 0.00003, 5.74997, 2.49997], "texture": "#0"}
			}
		},
		{
			"from": [6.95, 14, 7.85],
			"to": [7.2, 24, 8.15],
			"rotation": {"angle": 0, "axis": "y", "origin": [0, 24, 17]},
			"faces": {
				"north": {"uv": [5.75003, 0.00003, 5.99997, 2.49997], "texture": "#0"},
				"south": {"uv": [6.00003, 0.00003, 6.24997, 2.49997], "texture": "#0"},
				"west": {"uv": [6.00003, 2.50003, 6.24997, 4.99997], "texture": "#0"}
			}
		},
		{
			"from": [7.2, 14, 7.8],
			"to": [8.8, 24, 8.2],
			"rotation": {"angle": 0, "axis": "y", "origin": [0.25, 24, 17.05]},
			"faces": {
				"north": {"uv": [2.50003, 0.00003, 2.99997, 2.49997], "texture": "#0"},
				"east": {"uv": [6.25003, 0.00003, 6.49997, 2.49997], "texture": "#0"},
				"south": {"uv": [3.00003, 0.00003, 3.49997, 2.49997], "texture": "#0"},
				"west": {"uv": [6.25003, 2.50003, 6.49997, 4.99997], "texture": "#0"}
			}
		},
		{
			"from": [8.95, 14, 7.9],
			"to": [9.2, 24, 8.1],
			"rotation": {"angle": 0, "axis": "y", "origin": [2, 24, 16]},
			"faces": {
				"north": {"uv": [4.50003, 0.00003, 4.74997, 2.49997], "texture": "#0"},
				"east": {"uv": [4.75003, 0.00003, 4.99997, 2.49997], "texture": "#0"},
				"south": {"uv": [5.00003, 0.00003, 5.24997, 2.49997], "texture": "#0"}
			}
		},
		{
			"from": [7.27291, 26.43129, 7.9],
			"to": [7.52291, 27.93129, 8.1],
			"rotation": {"angle": 22.5, "axis": "z", "origin": [14.47291, 29.43129, 16]},
			"faces": {
				"north": {"uv": [6.50003, 1.00003, 6.74997, 1.49997], "texture": "#0"},
				"east": {"uv": [6.50003, 1.50003, 6.74997, 1.99997], "texture": "#0"},
				"south": {"uv": [6.50003, 2.00003, 6.74997, 2.49997], "texture": "#0"}
			}
		},
		{
			"from": [8.45806, 26.33562, 7.9],
			"to": [8.70806, 27.83562, 8.1],
			"rotation": {"angle": -22.5, "axis": "z", "origin": [1.75806, 29.33562, 16]},
			"faces": {
				"north": {"uv": [6.50003, 3.00003, 6.74997, 3.49997], "texture": "#0"},
				"south": {"uv": [6.50003, 4.00003, 6.74997, 4.49997], "texture": "#0"},
				"west": {"uv": [6.50003, 4.50003, 6.74997, 4.99997], "texture": "#0"}
			}
		},
		{
			"from": [8.60806, 26.33562, 7.85],
			"to": [8.85806, 27.83562, 8.15],
			"rotation": {"angle": -22.5, "axis": "z", "origin": [1.90806, 29.33562, 15.95]},
			"faces": {
				"north": {"uv": [6.50003, 5.00003, 6.74997, 5.49997], "texture": "#0"},
				"south": {"uv": [6.50003, 6.00003, 6.74997, 6.49997], "texture": "#0"},
				"west": {"uv": [6.75003, 0.00003, 6.99997, 0.49997], "texture": "#0"}
			}
		},
		{
			"from": [7.14194, 26.33562, 7.85],
			"to": [7.39194, 27.83562, 8.15],
			"rotation": {"angle": 22.5, "axis": "z", "origin": [14.09194, 29.33562, 15.95]},
			"faces": {
				"north": {"uv": [6.75003, 0.50003, 6.99997, 0.99997], "texture": "#0"},
				"east": {"uv": [6.75003, 1.00003, 6.99997, 1.49997], "texture": "#0"},
				"south": {"uv": [6.75003, 1.50003, 6.99997, 1.99997], "texture": "#0"}
			}
		},
		{
			"from": [6.89194, 26.33562, 7.8],
			"to": [7.14194, 27.73562, 8.2],
			"rotation": {"angle": 22.5, "axis": "z", "origin": [13.84194, 29.33562, 15.9]},
			"faces": {
				"north": {"uv": [0.25003, 0.00003, 0.49997, 0.24997], "texture": "#0"},
				"east": {"uv": [0.75003, 0.50003, 0.99997, 0.74997], "texture": "#0"},
				"south": {"uv": [1.25003, 1.00003, 1.49997, 1.24997], "texture": "#0"}
			}
		},
		{
			"from": [8.85806, 26.33562, 7.8],
			"to": [9.10806, 27.73562, 8.2],
			"rotation": {"angle": -22.5, "axis": "z", "origin": [2.15806, 29.33562, 15.9]},
			"faces": {
				"north": {"uv": [7.75003, 9.25003, 7.99997, 9.49997], "texture": "#0"},
				"south": {"uv": [8.25003, 9.25003, 8.49997, 9.49997], "texture": "#0"},
				"west": {"uv": [8.50003, 9.25003, 8.74997, 9.49997], "texture": "#0"}
			}
		},
		{
			"from": [9.08903, 26.23995, 7.8],
			"to": [9.33903, 27.63995, 8.2],
			"rotation": {"angle": -22.5, "axis": "z", "origin": [2.38903, 29.23995, 15.9]},
			"faces": {
				"north": {"uv": [9.25003, 2.75003, 9.49997, 2.99997], "texture": "#0"},
				"south": {"uv": [9.25003, 3.25003, 9.49997, 3.49997], "texture": "#0"},
				"up": {"uv": [9.49997, 3.99997, 9.25003, 3.75003], "texture": "#0"}
			}
		},
		{
			"from": [9.32, 26.14428, 7.8],
			"to": [9.57, 27.14428, 8.2],
			"rotation": {"angle": -22.5, "axis": "z", "origin": [2.62, 29.14428, 15.9]},
			"faces": {
				"north": {"uv": [9.25003, 5.75003, 9.49997, 5.99997], "texture": "#0"},
				"south": {"uv": [9.25003, 6.25003, 9.49997, 6.49997], "texture": "#0"}
			}
		},
		{
			"from": [6.43, 26.14428, 7.8],
			"to": [6.68, 27.14428, 8.2],
			"rotation": {"angle": 22.5, "axis": "z", "origin": [13.38, 29.14428, 15.9]},
			"faces": {
				"north": {"uv": [9.25003, 7.25003, 9.49997, 7.49997], "texture": "#0"},
				"south": {"uv": [9.25003, 7.75003, 9.49997, 7.99997], "texture": "#0"}
			}
		},
		{
			"from": [6.66097, 26.23995, 7.8],
			"to": [6.91097, 27.63995, 8.2],
			"rotation": {"angle": 22.5, "axis": "z", "origin": [13.61097, 29.23995, 15.9]},
			"faces": {
				"north": {"uv": [9.25003, 4.25003, 9.49997, 4.49997], "texture": "#0"},
				"south": {"uv": [9.25003, 4.75003, 9.49997, 4.99997], "texture": "#0"},
				"up": {"uv": [9.49997, 5.49997, 9.25003, 5.25003], "texture": "#0"}
			}
		},
		{
			"from": [11.45773, 29.24476, 7.9],
			"to": [11.70773, 30.14476, 8.1],
			"rotation": {"angle": -45, "axis": "z", "origin": [4.75773, 32.24476, 16]},
			"faces": {
				"north": {"uv": [9.00003, 3.25003, 9.24997, 3.49997], "texture": "#0"},
				"east": {"uv": [9.00003, 3.50003, 9.24997, 3.74997], "texture": "#0"},
				"south": {"uv": [9.00003, 3.75003, 9.24997, 3.99997], "texture": "#0"},
				"west": {"uv": [9.00003, 4.00003, 9.24997, 4.24997], "texture": "#0"},
				"up": {"uv": [9.24997, 4.49997, 9.00003, 4.25003], "texture": "#0"}
			}
		},
		{
			"from": [4.29227, 29.24476, 7.9],
			"to": [4.54227, 30.14476, 8.1],
			"rotation": {"angle": 45, "axis": "z", "origin": [11.24227, 32.24476, 16]},
			"faces": {
				"north": {"uv": [9.00003, 4.75003, 9.24997, 4.99997], "texture": "#0"},
				"east": {"uv": [9.00003, 5.00003, 9.24997, 5.24997], "texture": "#0"},
				"south": {"uv": [9.00003, 5.25003, 9.24997, 5.49997], "texture": "#0"},
				"west": {"uv": [9.00003, 5.50003, 9.24997, 5.74997], "texture": "#0"},
				"up": {"uv": [9.24997, 5.99997, 9.00003, 5.75003], "texture": "#0"}
			}
		},
		{
			"from": [4.14227, 29.24476, 7.85],
			"to": [4.39227, 29.89476, 8.15],
			"rotation": {"angle": 45, "axis": "z", "origin": [11.09227, 32.24476, 15.95]},
			"faces": {
				"north": {"uv": [9.00003, 8.25003, 9.24997, 8.49997], "texture": "#0"},
				"east": {"uv": [9.00003, 8.50003, 9.24997, 8.74997], "texture": "#0"},
				"south": {"uv": [9.00003, 8.75003, 9.24997, 8.99997], "texture": "#0"},
				"up": {"uv": [0.74997, 9.49997, 0.50003, 9.25003], "texture": "#0"}
			}
		},
		{
			"from": [3.93054, 29.15237, 7.8],
			"to": [4.18054, 29.55237, 8.2],
			"rotation": {"angle": 45, "axis": "z", "origin": [10.88054, 32.15237, 15.9]},
			"faces": {
				"north": {"uv": [9.25003, 9.25003, 9.49997, 9.49997], "texture": "#0"},
				"east": {"uv": [9.25003, 0.00003, 9.49997, 0.24997], "texture": "#0"},
				"south": {"uv": [9.25003, 0.25003, 9.49997, 0.49997], "texture": "#0"},
				"west": {"uv": [9.25003, 0.50003, 9.49997, 0.74997], "texture": "#0"},
				"up": {"uv": [9.49997, 0.99997, 9.25003, 0.75003], "texture": "#0"}
			}
		},
		{
			"from": [11.81946, 29.15237, 7.8],
			"to": [12.06946, 29.55237, 8.2],
			"rotation": {"angle": -45, "axis": "z", "origin": [5.11946, 32.15237, 15.9]},
			"faces": {
				"north": {"uv": [9.25003, 1.25003, 9.49997, 1.49997], "texture": "#0"},
				"east": {"uv": [9.25003, 1.50003, 9.49997, 1.74997], "texture": "#0"},
				"south": {"uv": [9.25003, 1.75003, 9.49997, 1.99997], "texture": "#0"},
				"west": {"uv": [9.25003, 2.00003, 9.49997, 2.24997], "texture": "#0"},
				"up": {"uv": [9.49997, 2.49997, 9.25003, 2.25003], "texture": "#0"}
			}
		},
		{
			"from": [11.60773, 29.24476, 7.85],
			"to": [11.85773, 29.89476, 8.15],
			"rotation": {"angle": -45, "axis": "z", "origin": [4.90773, 32.24476, 15.95]},
			"faces": {
				"north": {"uv": [1.00003, 9.25003, 1.24997, 9.49997], "texture": "#0"},
				"south": {"uv": [1.50003, 9.25003, 1.74997, 9.49997], "texture": "#0"},
				"west": {"uv": [1.75003, 9.25003, 1.99997, 9.49997], "texture": "#0"},
				"up": {"uv": [2.24997, 9.49997, 2.00003, 9.25003], "texture": "#0"}
			}
		}
	],
	"display": {
		"thirdperson_righthand": {
			"rotation": [0, 90, 0],
			"translation": [0, 4, 0.75]
		},
		"thirdperson_lefthand": {
			"rotation": [0, 90, 0],
			"translation": [0, 3.75, 1]
		},
		"firstperson_righthand": {
			"rotation": [0, 90, 0]
		},
		"firstperson_lefthand": {
			"rotation": [0, 90, 0]
		},
		"ground": {
			"rotation": [0, 90, 0],
			"translation": [0, 16.5, 0]
		},
		"fixed": {
			"translation": [0, 0, -1.25]
		}
	},
	"groups": [
		{
			"name": "hexadecagon",
			"origin": [8, 8, 8],
			"children": [0, 1, 2, 3, 4, 5, 6, 7]
		},
		{
			"name": "hexadecagon",
			"origin": [8, 8, 8],
			"children": [8, 9, 10, 11, 12, 13, 14, 15, 16, 17, 18, 19, 20, 21, 22, 23]
		},
		{
			"name": "hexadecagon",
			"origin": [8, 8, 8],
			"children": [24, 25, 26, 27, 28, 29, 30, 31, 32, 33, 34, 35, 36, 37, 38, 39, 40, 41, 42, 43, 44, 45, 46, 47, 48, 49, 50, 51, 52, 53, 54, 55, 56, 57, 58, 59, 60, 61, 62, 63]
		},
		{
			"name": "blade",
			"origin": [8, 8, 8],
			"children": [64, 65, 66, 67, 68, 69, 70, 71, 72, 73, 74, 75, 76, 77, 78, 79, 80, 81, 82, 83, 84]
		}
	]
}