{
	"credit": "Made with Blockbench",
	"texture_size": [64, 64],
	"textures": {
		"0": "elitemobs:blocks/coin4",
		"particle": "elitemobs:blocks/coin4"
	},
	"elements": [
		{
			"name": "hexadecagon",
			"from": [7.25, 12.4087, 0],
			"to": [8.75, 15.5913, 2],
			"rotation": {"angle": -45, "axis": "x", "origin": [8, 14, 8]},
			"faces": {
				"north": {"uv": [4.25, 0, 4.75, 0.75], "texture": "#0"},
				"east": {"uv": [4.25, 0.75, 4.75, 1.5], "texture": "#0"},
				"south": {"uv": [4.5, 1.5, 5, 2.25], "texture": "#0"},
				"west": {"uv": [2, 4.75, 2.5, 5.5], "texture": "#0"},
				"up": {"uv": [4.5, 7.5, 4, 7], "texture": "#0"},
				"down": {"uv": [5, 7, 4.5, 7.5], "texture": "#0"}
			}
		},
		{
			"name": "hexadecagon",
			"from": [7.25, 12.4087, 0],
			"to": [8.75, 15.5913, 2],
			"rotation": {"angle": -22.5, "axis": "x", "origin": [8, 14, 8]},
			"faces": {
				"north": {"uv": [4.75, 0, 5.25, 0.75], "texture": "#0"},
				"east": {"uv": [4.75, 0.75, 5.25, 1.5], "texture": "#0"},
				"south": {"uv": [5, 5, 5.5, 5.75], "texture": "#0"},
				"west": {"uv": [5, 1.5, 5.5, 2.25], "texture": "#0"},
				"up": {"uv": [6, 7.5, 5.5, 7], "texture": "#0"},
				"down": {"uv": [7, 7, 6.5, 7.5], "texture": "#0"}
			}
		},
		{
			"name": "hexadecagon",
			"from": [7.25, 12.4087, 0],
			"to": [8.75, 15.5913, 2],
			"rotation": {"angle": 0, "axis": "y", "origin": [8, 14, 8]},
			"faces": {
				"north": {"uv": [5, 2.25, 5.5, 3], "texture": "#0"},
				"east": {"uv": [5, 3, 5.5, 3.75], "texture": "#0"},
				"south": {"uv": [5, 3.75, 5.5, 4.5], "texture": "#0"},
				"west": {"uv": [5.25, 0, 5.75, 0.75], "texture": "#0"},
				"up": {"uv": [7.5, 7.5, 7, 7], "texture": "#0"},
				"down": {"uv": [7.5, 0, 7, 0.5], "texture": "#0"}
			}
		},
		{
			"name": "hexadecagon",
			"from": [7.25, 12.4087, 0],
			"to": [8.75, 15.5913, 2],
			"rotation": {"angle": 22.5, "axis": "x", "origin": [8, 14, 8]},
			"faces": {
				"north": {"uv": [5.25, 0.75, 5.75, 1.5], "texture": "#0"},
				"east": {"uv": [1.5, 5.5, 2, 6.25], "texture": "#0"},
				"south": {"uv": [2, 5.5, 2.5, 6.25], "texture": "#0"},
				"west": {"uv": [2.5, 5.5, 3, 6.25], "texture": "#0"},
				"up": {"uv": [7.5, 1, 7, 0.5], "texture": "#0"},
				"down": {"uv": [7.5, 1, 7, 1.5], "texture": "#0"}
			}
		},
		{
			"name": "hexadecagon",
			"from": [7.25, 12.4087, 0],
			"to": [8.75, 15.5913, 2],
			"rotation": {"angle": 45, "axis": "x", "origin": [8, 14, 8]},
			"faces": {
				"north": {"uv": [3, 5.5, 3.5, 6.25], "texture": "#0"},
				"east": {"uv": [3.5, 5.5, 4, 6.25], "texture": "#0"},
				"south": {"uv": [4, 5.5, 4.5, 6.25], "texture": "#0"},
				"west": {"uv": [4.5, 5.5, 5, 6.25], "texture": "#0"},
				"up": {"uv": [7.5, 2, 7, 1.5], "texture": "#0"},
				"down": {"uv": [7.5, 3.25, 7, 3.75], "texture": "#0"}
			}
		},
		{
			"name": "hexadecagon",
			"from": [7.25, 12.4087, 14],
			"to": [8.75, 15.5913, 16],
			"rotation": {"angle": -45, "axis": "x", "origin": [8, 14, 8]},
			"faces": {
				"north": {"uv": [5.5, 5.5, 6, 6.25], "texture": "#0"},
				"east": {"uv": [5.5, 1.5, 6, 2.25], "texture": "#0"},
				"south": {"uv": [5.5, 2.25, 6, 3], "texture": "#0"},
				"west": {"uv": [5.5, 3, 6, 3.75], "texture": "#0"},
				"up": {"uv": [7.5, 4.25, 7, 3.75], "texture": "#0"},
				"down": {"uv": [7.5, 4.25, 7, 4.75], "texture": "#0"}
			}
		},
		{
			"name": "hexadecagon",
			"from": [7.25, 12.4087, 14],
			"to": [8.75, 15.5913, 16],
			"rotation": {"angle": -22.5, "axis": "x", "origin": [8, 14, 8]},
			"faces": {
				"north": {"uv": [5.5, 3.75, 6, 4.5], "texture": "#0"},
				"east": {"uv": [5.5, 4.5, 6, 5.25], "texture": "#0"},
				"south": {"uv": [5, 5.75, 5.5, 6.5], "texture": "#0"},
				"west": {"uv": [5.75, 0, 6.25, 0.75], "texture": "#0"},
				"up": {"uv": [7.5, 6.25, 7, 5.75], "texture": "#0"},
				"down": {"uv": [2.5, 7.25, 2, 7.75], "texture": "#0"}
			}
		},
		{
			"name": "hexadecagon",
			"from": [7.25, 12.4087, 14],
			"to": [8.75, 15.5913, 16],
			"rotation": {"angle": 0, "axis": "y", "origin": [8, 14, 8]},
			"faces": {
				"north": {"uv": [5.75, 0.75, 6.25, 1.5], "texture": "#0"},
				"east": {"uv": [0, 6, 0.5, 6.75], "texture": "#0"},
				"south": {"uv": [0.5, 6, 1, 6.75], "texture": "#0"},
				"west": {"uv": [1, 6, 1.5, 6.75], "texture": "#0"},
				"up": {"uv": [3, 7.75, 2.5, 7.25], "texture": "#0"},
				"down": {"uv": [3.5, 7.25, 3, 7.75], "texture": "#0"}
			}
		},
		{
			"name": "hexadecagon",
			"from": [7.75, 10.4087, 13],
			"to": [8.25, 17.5913, 14],
			"rotation": {"angle": 0, "axis": "y", "origin": [8, 14, 8]},
			"faces": {
				"north": {"uv": [2, 3, 2.25, 4.75], "texture": "#0"},
				"east": {"uv": [2.25, 3, 2.5, 4.75], "texture": "#0"},
				"south": {"uv": [3.75, 0, 4, 1.75], "texture": "#0"},
				"west": {"uv": [2.25, 3, 2.5, 4.75], "texture": "#0"},
				"up": {"uv": [2.75, 2.5, 2.5, 2.25], "texture": "#0"},
				"down": {"uv": [3, 2.25, 2.75, 2.5], "texture": "#0"}
			}
		},
		{
			"name": "hexadecagon",
			"from": [7.75, 10.4087, 2],
			"to": [8.25, 17.5913, 3],
			"rotation": {"angle": 0, "axis": "y", "origin": [8, 14, -3]},
			"faces": {
				"north": {"uv": [0.5, 4.25, 0.75, 6], "texture": "#0"},
				"east": {"uv": [0.75, 4.25, 1, 6], "texture": "#0"},
				"south": {"uv": [1, 4.25, 1.25, 6], "texture": "#0"},
				"west": {"uv": [0.75, 4.25, 1, 6], "texture": "#0"},
				"up": {"uv": [3.25, 2.5, 3, 2.25], "texture": "#0"},
				"down": {"uv": [3.5, 2.25, 3.25, 2.5], "texture": "#0"}
			}
		},
		{
			"name": "hexadecagon",
			"from": [7.25, 12.4087, 14],
			"to": [8.75, 15.5913, 16],
			"rotation": {"angle": 22.5, "axis": "x", "origin": [8, 14, 8]},
			"faces": {
				"north": {"uv": [6, 6, 6.5, 6.75], "texture": "#0"},
				"east": {"uv": [6, 1.5, 6.5, 2.25], "texture": "#0"},
				"south": {"uv": [6, 2.25, 6.5, 3], "texture": "#0"},
				"west": {"uv": [6, 3, 6.5, 3.75], "texture": "#0"},
				"up": {"uv": [5.5, 7.75, 5, 7.25], "texture": "#0"},
				"down": {"uv": [7.75, 2, 7.25, 2.5], "texture": "#0"}
			}
		},
		{
			"name": "hexadecagon",
			"from": [7.25, 12.4087, 14],
			"to": [8.75, 15.5913, 16],
			"rotation": {"angle": 45, "axis": "x", "origin": [8, 14, 8]},
			"faces": {
				"north": {"uv": [6, 3.75, 6.5, 4.5], "texture": "#0"},
				"east": {"uv": [6, 4.5, 6.5, 5.25], "texture": "#0"},
				"south": {"uv": [6, 5.25, 6.5, 6], "texture": "#0"},
				"west": {"uv": [1.5, 6.25, 2, 7], "texture": "#0"},
				"up": {"uv": [7.75, 3, 7.25, 2.5], "texture": "#0"},
				"down": {"uv": [7.75, 4.75, 7.25, 5.25], "texture": "#0"}
			}
		},
		{
			"name": "hexadecagon",
			"from": [7.25, 6, 6.4087],
			"to": [8.75, 8, 9.5913],
			"rotation": {"angle": -22.5, "axis": "x", "origin": [8, 14, 8]},
			"faces": {
				"north": {"uv": [7.25, 5.25, 7.75, 5.75], "texture": "#0"},
				"east": {"uv": [2, 6.25, 2.75, 6.75], "texture": "#0"},
				"south": {"uv": [7.25, 6.25, 7.75, 6.75], "texture": "#0"},
				"west": {"uv": [2.75, 6.25, 3.5, 6.75], "texture": "#0"},
				"up": {"uv": [4, 7, 3.5, 6.25], "texture": "#0"},
				"down": {"uv": [4.5, 6.25, 4, 7], "texture": "#0"}
			}
		},
		{
			"name": "hexadecagon",
			"from": [7.25, 6, 6.4087],
			"to": [8.75, 8, 9.5913],
			"rotation": {"angle": 0, "axis": "y", "origin": [8, 14, 8]},
			"faces": {
				"north": {"uv": [0, 7.5, 0.5, 8], "texture": "#0"},
				"east": {"uv": [6.25, 0, 7, 0.5], "texture": "#0"},
				"south": {"uv": [0.5, 7.5, 1, 8], "texture": "#0"},
				"west": {"uv": [6.25, 0.5, 7, 1], "texture": "#0"},
				"up": {"uv": [5, 7, 4.5, 6.25], "texture": "#0"},
				"down": {"uv": [6, 6.25, 5.5, 7], "texture": "#0"}
			}
		},
		{
			"name": "hexadecagon",
			"from": [7.25, 6, 6.4087],
			"to": [8.75, 8, 9.5913],
			"rotation": {"angle": 22.5, "axis": "x", "origin": [8, 14, 8]},
			"faces": {
				"north": {"uv": [1, 7.5, 1.5, 8], "texture": "#0"},
				"east": {"uv": [6.25, 1, 7, 1.5], "texture": "#0"},
				"south": {"uv": [3.5, 7.5, 4, 8], "texture": "#0"},
				"west": {"uv": [6.5, 6.5, 7.25, 7], "texture": "#0"},
				"up": {"uv": [5.5, 7.25, 5, 6.5], "texture": "#0"},
				"down": {"uv": [7, 1.5, 6.5, 2.25], "texture": "#0"}
			}
		},
		{
			"name": "hexadecagon",
			"from": [7.25, 20, 6.4087],
			"to": [8.75, 22, 9.5913],
			"rotation": {"angle": -22.5, "axis": "x", "origin": [8, 14, 8]},
			"faces": {
				"north": {"uv": [4, 7.5, 4.5, 8], "texture": "#0"},
				"east": {"uv": [6.5, 2.25, 7.25, 2.75], "texture": "#0"},
				"south": {"uv": [4.5, 7.5, 5, 8], "texture": "#0"},
				"west": {"uv": [6.5, 2.75, 7.25, 3.25], "texture": "#0"},
				"up": {"uv": [7, 4, 6.5, 3.25], "texture": "#0"},
				"down": {"uv": [7, 4, 6.5, 4.75], "texture": "#0"}
			}
		},
		{
			"name": "hexadecagon",
			"from": [7.25, 20, 6.4087],
			"to": [8.75, 22, 9.5913],
			"rotation": {"angle": 0, "axis": "y", "origin": [8, 14, 8]},
			"faces": {
				"north": {"uv": [5.5, 7.5, 6, 8], "texture": "#0"},
				"east": {"uv": [6.5, 4.75, 7.25, 5.25], "texture": "#0"},
				"south": {"uv": [6, 7.5, 6.5, 8], "texture": "#0"},
				"west": {"uv": [6.5, 5.25, 7.25, 5.75], "texture": "#0"},
				"up": {"uv": [7, 6.5, 6.5, 5.75], "texture": "#0"},
				"down": {"uv": [0.5, 6.75, 0, 7.5], "texture": "#0"}
			}
		},
		{
			"name": "hexadecagon",
			"from": [7.25, 10.5, 5.4087],
			"to": [8.75, 13.75, 10.5913],
			"rotation": {"angle": 0, "axis": "y", "origin": [8, 6, 8]},
			"faces": {
				"north": {"uv": [0.5, 6.75, 1, 7.5], "texture": "#0"},
				"east": {"uv": [2.5, 0, 3.75, 0.75], "texture": "#0"},
				"south": {"uv": [1, 6.75, 1.5, 7.5], "texture": "#0"},
				"west": {"uv": [2.5, 0.75, 3.75, 1.5], "texture": "#0"},
				"up": {"uv": [1, 4.25, 0.5, 3], "texture": "#0"},
				"down": {"uv": [1.5, 3, 1, 4.25], "texture": "#0"}
			}
		},
		{
			"name": "hexadecagon",
			"from": [7.25, 13.25, 7.1587],
			"to": [8.75, 16.25, 8.8413],
			"faces": {
				"north": {"uv": [2.5, 1.5, 3, 2.25], "texture": "#0"},
				"east": {"uv": [3, 1.5, 3.5, 2.25], "texture": "#0"},
				"south": {"uv": [3.5, 1.75, 4, 2.5], "texture": "#0"},
				"west": {"uv": [4, 1.75, 4.5, 2.5], "texture": "#0"},
				"up": {"uv": [5.5, 5, 5, 4.5], "texture": "#0"},
				"down": {"uv": [4, 7, 3.5, 7.5], "texture": "#0"}
			}
		},
		{
			"name": "hexadecagon",
			"from": [7.25, 15.5674, 7.1587],
			"to": [8.75, 17.25, 8.8413],
			"rotation": {"angle": 45, "axis": "x", "origin": [8, 16.4087, 8]},
			"faces": {
				"north": {"uv": [5.5, 5, 5, 4.5], "rotation": 180, "texture": "#0"},
				"east": {"uv": [3, 1.5, 3.5, 2.25], "rotation": 90, "texture": "#0"},
				"south": {"uv": [4, 7, 3.5, 7.5], "texture": "#0"},
				"west": {"uv": [4, 1.75, 4.5, 2.5], "rotation": 270, "texture": "#0"},
				"up": {"uv": [3.5, 1.75, 4, 2.5], "texture": "#0"},
				"down": {"uv": [2.5, 1.5, 3, 2.25], "rotation": 180, "texture": "#0"}
			}
		},
		{
			"name": "hexadecagon",
			"from": [7.25, 13.9087, 4.5],
			"to": [8.75, 15.5913, 6.1826],
			"rotation": {"angle": 22.5, "axis": "x", "origin": [8, 14.75, 5.25]},
			"faces": {
				"north": {"uv": [5.5, 5, 5, 4.5], "rotation": 180, "texture": "#0"},
				"east": {"uv": [3, 1.5, 3.5, 2.25], "rotation": 90, "texture": "#0"},
				"south": {"uv": [4, 7, 3.5, 7.5], "texture": "#0"},
				"west": {"uv": [4, 1.75, 4.5, 2.5], "rotation": 270, "texture": "#0"},
				"up": {"uv": [3.5, 1.75, 4, 2.5], "texture": "#0"},
				"down": {"uv": [2.5, 1.5, 3, 2.25], "rotation": 180, "texture": "#0"}
			}
		},
		{
			"name": "hexadecagon",
			"from": [7.25, 13.9087, 9.8174],
			"to": [8.75, 15.5913, 11.5],
			"rotation": {"angle": -22.5, "axis": "x", "origin": [8, 14.75, 10.75]},
			"faces": {
				"north": {"uv": [3.5, 7, 4, 7.5], "texture": "#0"},
				"east": {"uv": [3, 2.25, 3.5, 1.5], "rotation": 90, "texture": "#0"},
				"south": {"uv": [5, 5, 5.5, 4.5], "rotation": 180, "texture": "#0"},
				"west": {"uv": [4, 2.5, 4.5, 1.75], "rotation": 270, "texture": "#0"},
				"up": {"uv": [3.5, 2.5, 4, 1.75], "texture": "#0"},
				"down": {"uv": [2.5, 2.25, 3, 1.5], "rotation": 180, "texture": "#0"}
			}
		},
		{
			"name": "hexadecagon",
			"from": [7.25, 12.75, 7.1587],
			"to": [8.75, 15.25, 8.8413],
			"rotation": {"angle": -22.5, "axis": "x", "origin": [8, 8.25, 8]},
			"faces": {
				"north": {"uv": [6.5, 7.5, 7, 8], "texture": "#0"},
				"east": {"uv": [7, 7.5, 7.5, 8], "texture": "#0"},
				"south": {"uv": [7.5, 7.5, 8, 8], "texture": "#0"},
				"west": {"uv": [7.5, 0, 8, 0.5], "texture": "#0"},
				"up": {"uv": [8, 1, 7.5, 0.5], "texture": "#0"},
				"down": {"uv": [8, 1, 7.5, 1.5], "texture": "#0"}
			}
		},
		{
			"name": "hexadecagon",
			"from": [7.25, 12.75, 7.1587],
			"to": [8.75, 15.25, 8.8413],
			"rotation": {"angle": 22.5, "axis": "x", "origin": [8, 8.25, 8]},
			"faces": {
				"north": {"uv": [7.5, 1.5, 8, 2], "texture": "#0"},
				"east": {"uv": [7.5, 3, 8, 3.5], "texture": "#0"},
				"south": {"uv": [7.5, 3.5, 8, 4], "texture": "#0"},
				"west": {"uv": [7.5, 4, 8, 4.5], "texture": "#0"},
				"up": {"uv": [8, 6.25, 7.5, 5.75], "texture": "#0"},
				"down": {"uv": [8, 6.75, 7.5, 7.25], "texture": "#0"}
			}
		},
		{
			"name": "hexadecagon",
			"from": [7.75, 8, 3],
			"to": [8.25, 20, 13],
			"rotation": {"angle": 0, "axis": "y", "origin": [8, 14, 8]},
			"faces": {
				"north": {"uv": [0, 3, 0.25, 6], "texture": "#0"},
				"east": {"uv": [0, 0, 2.5, 3], "texture": "#0"},
				"south": {"uv": [0.25, 3, 0.5, 6], "texture": "#0"},
				"west": {"uv": [0, 0, 2.5, 3], "texture": "#0"},
				"up": {"uv": [1.75, 5.5, 1.5, 3], "texture": "#0"},
				"down": {"uv": [2, 3, 1.75, 5.5], "texture": "#0"}
			}
		},
		{
			"name": "hexadecagon",
			"from": [7.25, 20, 6.4087],
			"to": [8.75, 22, 9.5913],
			"rotation": {"angle": 22.5, "axis": "x", "origin": [8, 14, 8]},
			"faces": {
				"north": {"uv": [1.5, 7.75, 2, 8.25], "texture": "#0"},
				"east": {"uv": [2, 6.75, 2.75, 7.25], "texture": "#0"},
				"south": {"uv": [2, 7.75, 2.5, 8.25], "texture": "#0"},
				"west": {"uv": [2.75, 6.75, 3.5, 7.25], "texture": "#0"},
				"up": {"uv": [6.5, 7.5, 6, 6.75], "texture": "#0"},
				"down": {"uv": [2, 7, 1.5, 7.75], "texture": "#0"}
			}
		}
	],
	"display": {
		"thirdperson_righthand": {
			"rotation": [0, 90, 0],
			"scale": [0.25, 0.25, 0.25]
		},
		"thirdperson_lefthand": {
			"rotation": [0, 90, 0],
			"scale": [0.25, 0.25, 0.25]
		},
		"firstperson_righthand": {
			"rotation": [0, 30, 0],
			"scale": [0.25, 0.25, 0.25]
		},
		"firstperson_lefthand": {
			"rotation": [0, 30, 0],
			"scale": [0.25, 0.25, 0.25]
		},
		"ground": {
			"scale": [0.5, 0.5, 0.5]
		},
		"gui": {
			"rotation": [0, 90, 0],
			"translation": [0, -4.25, 0],
			"scale": [0.82, 0.82, 0.82]
		},
		"head": {
			"scale": [0, 0, 0]
		},
		"fixed": {
			"translation": [0, -5.25, 0]
		}
	},
	"groups": [
		{
			"name": "hexadecagon",
			"origin": [8, 8, 8],
			"children": [0, 1, 2, 3, 4, 5, 6, 7, 8, 9, 10, 11, 12, 13, 14, 15, 16, 17, 18, 19, 20, 21, 22, 23, 24, 25]
		}
	]
}