{
	"credit": "Made with Blockbench",
	"texture_size": [128, 128],
	"textures": {
		"9": "elitemobs:primis_map/primis_map_09",
		"particle": "elitemobs:primis_map/primis_map"
	},
	"elements": [
		{
			"from": [-16, 0, -16],
			"to": [32, 0, 32],
			"faces": {
				"north": {"uv": [0, 0, 6, 0], "texture": "#missing"},
				"east": {"uv": [0, 0, 6, 0], "texture": "#missing"},
				"south": {"uv": [0, 0, 6, 0], "texture": "#missing"},
				"west": {"uv": [0, 0, 6, 0], "texture": "#missing"},
				"up": {"uv": [0, 0, 16, 16], "texture": "#9"},
				"down": {"uv": [0, 0, 6, 5.95349], "texture": "#missing"}
			}
		}
	],
	"display": {
		"thirdperson_righthand": {
			"rotation": [158, 0, 0],
			"translation": [0, 67, 0]
		},
		"fixed": {
			"rotation": [-90, -180, 0],
			"translation": [0, 0, -10],
			"scale": [3.34, 1, 3.34]
		}
	}
}