{"textures":{"2":"modelengine:entity/goblin_charm"},"elements":[{"from":[3.4285712,3.4285712,8.0],"to":[11.428572,12.0,8.0],"rotation":{"angle":0.0,"axis":"y","origin":[4.5714283,8.0,8.0]},"faces":{"east":{"uv":[0.0,0.0,0.0,5.5],"rotation":0,"texture":"#2","tintindex":0},"south":{"uv":[2.0,0.0,9.0,7.5],"rotation":0,"texture":"#2","tintindex":0},"north":{"uv":[9.0,0.0,2.0,7.5],"rotation":0,"texture":"#2","tintindex":0},"west":{"uv":[0.0,0.0,0.0,5.5],"rotation":0,"texture":"#2","tintindex":0},"up":{"uv":[4.5,0.0,0.0,0.0],"rotation":0,"texture":"#2","tintindex":0},"down":{"uv":[4.5,0.0,0.0,0.0],"rotation":0,"texture":"#2","tintindex":0}}},{"from":[6.285714,9.142858,8.0],"to":[7.428571,10.285714,8.571428],"rotation":{"angle":0.0,"axis":"y","origin":[8.0,8.0,8.0]},"faces":{"east":{"uv":[5.0,11.0,5.5,12.0],"rotation":0,"texture":"#2","tintindex":0},"south":{"uv":[4.0,11.0,5.0,12.0],"rotation":0,"texture":"#2","tintindex":0},"north":{"uv":[5.5,11.0,6.5,12.0],"rotation":0,"texture":"#2","tintindex":0},"west":{"uv":[3.5,11.0,4.0,12.0],"rotation":0,"texture":"#2","tintindex":0},"up":{"uv":[6.5,11.5,7.5,12.0],"rotation":0,"texture":"#2","tintindex":0},"down":{"uv":[6.5,11.0,7.5,11.5],"rotation":0,"texture":"#2","tintindex":0}}},{"from":[7.428571,7.428571,8.0],"to":[8.571428,8.571428,8.571428],"rotation":{"angle":0.0,"axis":"y","origin":[8.0,8.0,8.0]},"faces":{"east":{"uv":[5.0,12.0,5.5,13.0],"rotation":0,"texture":"#2","tintindex":0},"south":{"uv":[4.0,12.0,5.0,13.0],"rotation":0,"texture":"#2","tintindex":0},"north":{"uv":[5.5,12.0,6.5,13.0],"rotation":0,"texture":"#2","tintindex":0},"west":{"uv":[3.5,12.0,4.0,13.0],"rotation":0,"texture":"#2","tintindex":0},"up":{"uv":[6.5,12.5,7.5,13.0],"rotation":0,"texture":"#2","tintindex":0},"down":{"uv":[6.5,12.0,7.5,12.5],"rotation":0,"texture":"#2","tintindex":0}}},{"from":[6.285714,5.714286,8.0],"to":[7.428571,6.857143,8.571428],"rotation":{"angle":0.0,"axis":"y","origin":[8.0,8.0,8.0]},"faces":{"east":{"uv":[5.0,13.0,5.5,14.0],"rotation":0,"texture":"#2","tintindex":0},"south":{"uv":[4.0,13.0,5.0,14.0],"rotation":0,"texture":"#2","tintindex":0},"north":{"uv":[5.5,13.0,6.5,14.0],"rotation":0,"texture":"#2","tintindex":0},"west":{"uv":[3.5,13.0,4.0,14.0],"rotation":0,"texture":"#2","tintindex":0},"up":{"uv":[6.5,13.5,7.5,14.0],"rotation":0,"texture":"#2","tintindex":0},"down":{"uv":[6.5,13.0,7.5,13.5],"rotation":0,"texture":"#2","tintindex":0}}}],"display":{"head":{"translation":[0.0,-6.4,0.0],"scale":[4.0,4.0,4.0]}}}