{
	"credit": "Made with Blockbench",
	"texture_size": [64, 64],
	"textures": {
		"0": "elitemobs:blocks/coin3",
		"particle": "elitemobs:blocks/coin3"
	},
	"elements": [
		{
			"name": "octagon",
			"from": [7.5, 9.75, 2.93629],
			"to": [8.5, 18.25, 13.06371],
			"rotation": {"angle": 0, "axis": "y", "origin": [8, 14, 8]},
			"faces": {
				"north": {"uv": [4.5, 6, 4.75, 8.25], "texture": "#0"},
				"east": {"uv": [0, 0, 2.5, 2.25], "texture": "#0"},
				"south": {"uv": [4.75, 6, 5, 8.25], "texture": "#0"},
				"west": {"uv": [0, 2.25, 2.5, 4.5], "texture": "#0"},
				"up": {"uv": [1.25, 8.5, 1, 6], "texture": "#0"},
				"down": {"uv": [1.5, 6, 1.25, 8.5], "texture": "#0"}
			}
		},
		{
			"name": "octagon",
			"from": [7.5, 18.25, 3.93629],
			"to": [8.5, 19.75, 12.06371],
			"rotation": {"angle": 0, "axis": "y", "origin": [8, 14, 8]},
			"faces": {
				"north": {"uv": [5.5, 7.5, 5.75, 8], "texture": "#0"},
				"east": {"uv": [2.5, 2.5, 4.5, 3], "texture": "#0"},
				"south": {"uv": [5.75, 7.5, 6, 8], "texture": "#0"},
				"west": {"uv": [2.5, 0, 4.5, 0.5], "texture": "#0"},
				"up": {"uv": [6.25, 8, 6, 6], "texture": "#0"},
				"down": {"uv": [6.5, 6.25, 6.25, 8.25], "texture": "#0"}
			}
		},
		{
			"name": "octagon",
			"from": [7.5, 8.25, 3.93629],
			"to": [8.5, 9.75, 12.06371],
			"rotation": {"angle": 0, "axis": "y", "origin": [8, 14, 8]},
			"faces": {
				"north": {"uv": [6.5, 7.5, 6.75, 8], "texture": "#0"},
				"east": {"uv": [2.5, 0.5, 4.5, 1], "texture": "#0"},
				"south": {"uv": [6.75, 7.5, 7, 8], "texture": "#0"},
				"west": {"uv": [2.5, 1, 4.5, 1.5], "texture": "#0"},
				"up": {"uv": [3.75, 8.5, 3.5, 6.5], "texture": "#0"},
				"down": {"uv": [4, 6.5, 3.75, 8.5], "texture": "#0"}
			}
		},
		{
			"name": "octagon",
			"from": [7, 12.5, 9.93629],
			"to": [9, 17, 10.93629],
			"rotation": {"angle": 0, "axis": "y", "origin": [8, 14, 8]},
			"faces": {
				"north": {"uv": [1.5, 6, 2, 7.25], "texture": "#0"},
				"east": {"uv": [6.5, 3.5, 6.75, 4.75], "texture": "#0"},
				"south": {"uv": [2, 6, 2.5, 7.25], "texture": "#0"},
				"west": {"uv": [6.5, 4.75, 6.75, 6], "texture": "#0"},
				"up": {"uv": [7.5, 7.75, 7, 7.5], "texture": "#0"},
				"down": {"uv": [8, 7.5, 7.5, 7.75], "texture": "#0"}
			}
		},
		{
			"name": "octagon",
			"from": [7, 12.5, 4.93629],
			"to": [9, 17, 5.93629],
			"rotation": {"angle": 0, "axis": "y", "origin": [8, 14, 8]},
			"faces": {
				"north": {"uv": [2.5, 6, 3, 7.25], "texture": "#0"},
				"east": {"uv": [6.75, 3.5, 7, 4.75], "texture": "#0"},
				"south": {"uv": [3, 6, 3.5, 7.25], "texture": "#0"},
				"west": {"uv": [6.75, 4.75, 7, 6], "texture": "#0"},
				"up": {"uv": [8, 0.25, 7.5, 0], "texture": "#0"},
				"down": {"uv": [8, 0.25, 7.5, 0.5], "texture": "#0"}
			}
		},
		{
			"name": "octagon",
			"from": [7, 11.75, 5.93629],
			"to": [9, 13.75, 9.93629],
			"rotation": {"angle": 0, "axis": "y", "origin": [8, 14, 8]},
			"faces": {
				"north": {"uv": [6.5, 0, 7, 0.5], "texture": "#0"},
				"east": {"uv": [3.5, 3, 4.5, 3.5], "texture": "#0"},
				"south": {"uv": [6.5, 0.5, 7, 1], "texture": "#0"},
				"west": {"uv": [3.5, 3, 4.5, 3.5], "texture": "#0"},
				"up": {"uv": [4.5, 2.5, 4, 1.5], "texture": "#0"},
				"down": {"uv": [6.5, 0, 6, 1], "texture": "#0"}
			}
		},
		{
			"name": "octagon",
			"from": [7, 15, 5.93629],
			"to": [9, 17, 9.93629],
			"rotation": {"angle": 0, "axis": "y", "origin": [8, 14, 8]},
			"faces": {
				"north": {"uv": [6.5, 1.5, 7, 2], "texture": "#0"},
				"east": {"uv": [5.5, 5, 6.5, 5.5], "texture": "#0"},
				"south": {"uv": [6.5, 2, 7, 2.5], "texture": "#0"},
				"west": {"uv": [5.5, 5, 6.5, 5.5], "texture": "#0"},
				"up": {"uv": [5.5, 7.5, 5, 6.5], "texture": "#0"},
				"down": {"uv": [7, 6.5, 6.5, 7.5], "texture": "#0"}
			}
		},
		{
			"name": "octagon",
			"from": [7, 13.5, 7.18629],
			"to": [9, 15, 8.68629],
			"rotation": {"angle": 0, "axis": "y", "origin": [8, 14, 8]},
			"faces": {
				"north": {"uv": [7.5, 0.5, 8, 0.75], "texture": "#0"},
				"east": {"uv": [8, 0, 8.5, 0.5], "texture": "#0"},
				"south": {"uv": [7.5, 1, 8, 1.25], "texture": "#0"},
				"west": {"uv": [7.5, 1.25, 8, 1.5], "texture": "#0"},
				"up": {"uv": [7, 6.5, 6.5, 6], "texture": "#0"},
				"down": {"uv": [4.5, 7, 4, 7.5], "texture": "#0"}
			}
		},
		{
			"name": "octagon",
			"from": [7, 11, 5.68629],
			"to": [9, 12.75, 6.68629],
			"rotation": {"angle": 0, "axis": "y", "origin": [8, 14, 8]},
			"faces": {
				"north": {"uv": [5.5, 7, 6, 7.5], "texture": "#0"},
				"east": {"uv": [7.5, 1.5, 7.75, 2], "texture": "#0"},
				"south": {"uv": [7, 7, 7.5, 7.5], "texture": "#0"},
				"west": {"uv": [7.5, 2, 7.75, 2.5], "texture": "#0"},
				"up": {"uv": [8, 2.75, 7.5, 2.5], "texture": "#0"},
				"down": {"uv": [8, 2.75, 7.5, 3], "texture": "#0"}
			}
		},
		{
			"name": "octagon",
			"from": [7, 11, 9.18629],
			"to": [9, 12.75, 10.18629],
			"rotation": {"angle": 0, "axis": "y", "origin": [8, 14, 8]},
			"faces": {
				"north": {"uv": [7, 0, 7.5, 0.5], "texture": "#0"},
				"east": {"uv": [7.5, 3, 7.75, 3.5], "texture": "#0"},
				"south": {"uv": [7, 0.5, 7.5, 1], "texture": "#0"},
				"west": {"uv": [7.5, 3.5, 7.75, 4], "texture": "#0"},
				"up": {"uv": [8, 4.25, 7.5, 4], "texture": "#0"},
				"down": {"uv": [8, 4.25, 7.5, 4.5], "texture": "#0"}
			}
		},
		{
			"name": "octagon",
			"from": [7, 10.5, 6.93629],
			"to": [9, 11.75, 8.93629],
			"rotation": {"angle": 0, "axis": "y", "origin": [8, 14, 8]},
			"faces": {
				"north": {"uv": [7, 1, 7.5, 1.5], "texture": "#0"},
				"east": {"uv": [7, 1.5, 7.5, 2], "texture": "#0"},
				"south": {"uv": [7, 2, 7.5, 2.5], "texture": "#0"},
				"west": {"uv": [7, 2.5, 7.5, 3], "texture": "#0"},
				"up": {"uv": [7.5, 3.5, 7, 3], "texture": "#0"},
				"down": {"uv": [7.5, 3.5, 7, 4], "texture": "#0"}
			}
		},
		{
			"name": "octagon",
			"from": [7, 11.10051, 1],
			"to": [9, 16.89949, 3],
			"rotation": {"angle": 45, "axis": "x", "origin": [8, 14, 8]},
			"faces": {
				"north": {"uv": [0, 4.5, 0.5, 6], "texture": "#0"},
				"east": {"uv": [0.5, 4.5, 1, 6], "texture": "#0"},
				"south": {"uv": [1, 4.5, 1.5, 6], "texture": "#0"},
				"west": {"uv": [0.5, 4.5, 1, 6], "texture": "#0"},
				"up": {"uv": [7.5, 4.5, 7, 4], "texture": "#0"},
				"down": {"uv": [7.5, 4.5, 7, 5], "texture": "#0"}
			}
		},
		{
			"name": "octagon",
			"from": [7, 11.10051, 1],
			"to": [9, 16.89949, 3],
			"rotation": {"angle": 0, "axis": "y", "origin": [8, 14, 8]},
			"faces": {
				"north": {"uv": [2, 4.5, 2.5, 6], "texture": "#0"},
				"east": {"uv": [2.5, 4.5, 3, 6], "texture": "#0"},
				"south": {"uv": [3, 4.5, 3.5, 6], "texture": "#0"},
				"west": {"uv": [2.5, 4.5, 3, 6], "texture": "#0"},
				"up": {"uv": [7.5, 5.5, 7, 5], "texture": "#0"},
				"down": {"uv": [7.5, 5.5, 7, 6], "texture": "#0"}
			}
		},
		{
			"name": "octagon",
			"from": [7, 11.10051, 13],
			"to": [9, 16.89949, 15],
			"rotation": {"angle": 45, "axis": "x", "origin": [8, 14, 8]},
			"faces": {
				"north": {"uv": [2.5, 3, 3, 4.5], "texture": "#0"},
				"east": {"uv": [3, 3, 3.5, 4.5], "texture": "#0"},
				"south": {"uv": [3.5, 3.5, 4, 5], "texture": "#0"},
				"west": {"uv": [3, 3, 3.5, 4.5], "texture": "#0"},
				"up": {"uv": [4.5, 4, 4, 3.5], "texture": "#0"},
				"down": {"uv": [6.5, 5.5, 6, 6], "texture": "#0"}
			}
		},
		{
			"name": "octagon",
			"from": [7, 11.10051, 13],
			"to": [9, 16.89949, 15],
			"rotation": {"angle": 0, "axis": "y", "origin": [8, 14, 8]},
			"faces": {
				"north": {"uv": [4.5, 0, 5, 1.5], "texture": "#0"},
				"east": {"uv": [4.5, 1.5, 5, 3], "texture": "#0"},
				"south": {"uv": [4.5, 3, 5, 4.5], "texture": "#0"},
				"west": {"uv": [4.5, 1.5, 5, 3], "texture": "#0"},
				"up": {"uv": [7.5, 6.5, 7, 6], "texture": "#0"},
				"down": {"uv": [7.5, 6.5, 7, 7], "texture": "#0"}
			}
		},
		{
			"name": "octagon",
			"from": [7, 7, 5.10051],
			"to": [9, 9, 10.89949],
			"rotation": {"angle": 45, "axis": "x", "origin": [8, 14, 8]},
			"faces": {
				"north": {"uv": [1.5, 7.25, 2, 7.75], "texture": "#0"},
				"east": {"uv": [2.5, 1.5, 4, 2], "texture": "#0"},
				"south": {"uv": [2, 7.25, 2.5, 7.75], "texture": "#0"},
				"west": {"uv": [2.5, 1.5, 4, 2], "texture": "#0"},
				"up": {"uv": [5.5, 6.5, 5, 5], "texture": "#0"},
				"down": {"uv": [5.5, 0, 5, 1.5], "texture": "#0"}
			}
		},
		{
			"name": "octagon",
			"from": [7, 7, 5.10051],
			"to": [9, 9, 10.89949],
			"rotation": {"angle": 0, "axis": "y", "origin": [8, 14, 8]},
			"faces": {
				"north": {"uv": [2.5, 7.25, 3, 7.75], "texture": "#0"},
				"east": {"uv": [5, 1.5, 6.5, 2], "texture": "#0"},
				"south": {"uv": [3, 7.25, 3.5, 7.75], "texture": "#0"},
				"west": {"uv": [5, 1.5, 6.5, 2], "texture": "#0"},
				"up": {"uv": [5.5, 4, 5, 2.5], "texture": "#0"},
				"down": {"uv": [4.5, 5.5, 4, 7], "texture": "#0"}
			}
		},
		{
			"name": "octagon",
			"from": [7, 19, 5.10051],
			"to": [9, 21, 10.89949],
			"rotation": {"angle": 45, "axis": "x", "origin": [8, 14, 8]},
			"faces": {
				"north": {"uv": [0, 7.5, 0.5, 8], "texture": "#0"},
				"east": {"uv": [5, 4, 6.5, 4.5], "texture": "#0"},
				"south": {"uv": [0.5, 7.5, 1, 8], "texture": "#0"},
				"west": {"uv": [5, 4, 6.5, 4.5], "texture": "#0"},
				"up": {"uv": [6, 7, 5.5, 5.5], "texture": "#0"},
				"down": {"uv": [6, 0, 5.5, 1.5], "texture": "#0"}
			}
		},
		{
			"name": "octagon",
			"from": [7, 19, 5.10051],
			"to": [9, 21, 10.89949],
			"rotation": {"angle": 0, "axis": "y", "origin": [8, 14, 8]},
			"faces": {
				"north": {"uv": [4, 7.5, 4.5, 8], "texture": "#0"},
				"east": {"uv": [5.5, 2.5, 7, 3], "texture": "#0"},
				"south": {"uv": [5, 7.5, 5.5, 8], "texture": "#0"},
				"west": {"uv": [5.5, 2.5, 7, 3], "texture": "#0"},
				"up": {"uv": [0.5, 7.5, 0, 6], "texture": "#0"},
				"down": {"uv": [1, 6, 0.5, 7.5], "texture": "#0"}
			}
		}
	],
	"display": {
		"thirdperson_righthand": {
			"rotation": [0, 90, 0],
			"scale": [0.25, 0.25, 0.25]
		},
		"thirdperson_lefthand": {
			"rotation": [0, 90, 0],
			"scale": [0.25, 0.25, 0.25]
		},
		"firstperson_righthand": {
			"rotation": [0, 30, 0],
			"scale": [0.25, 0.25, 0.25]
		},
		"firstperson_lefthand": {
			"rotation": [0, 30, 0],
			"scale": [0.25, 0.25, 0.25]
		},
		"ground": {
			"scale": [0.5, 0.5, 0.5]
		},
		"gui": {
			"rotation": [0, 90, 0],
			"translation": [0, -4.75, 0],
			"scale": [0.86, 0.86, 0.86]
		},
		"head": {
			"scale": [0, 0, 0]
		}
	},
	"groups": [
		{
			"name": "octagon",
			"origin": [8, 8, 8],
			"children": [0, 1, 2, 3, 4, 5, 6, 7, 8, 9, 10,
				{
					"name": "octagon",
					"origin": [8, 8, 8],
					"children": [11, 12, 13, 14, 15, 16, 17, 18]
				}
			]
		}
	]
}