{"textures":{"0":"modelengine:entity/ender_fly_texture"},"elements":[{"from":[-2.2020311,3.559173,7.428571],"to":[4.083684,4.70203,8.571428],"rotation":{"angle":0.0,"axis":"y","origin":[3.5122552,6.70203,8.0]},"faces":{"east":{"uv":[10.0,2.75,10.25,3.0],"rotation":0,"texture":"#0","tintindex":0},"south":{"uv":[9.375,4.125,10.75,4.375],"rotation":0,"texture":"#0","tintindex":0},"north":{"uv":[9.125,6.375,10.5,6.625],"rotation":0,"texture":"#0","tintindex":0},"west":{"uv":[10.0,4.875,10.25,5.125],"rotation":0,"texture":"#0","tintindex":0},"up":{"uv":[10.75,4.625,9.375,4.375],"rotation":0,"texture":"#0","tintindex":0},"down":{"uv":[10.75,4.625,9.375,4.875],"rotation":0,"texture":"#0","tintindex":0}}},{"from":[5.512255,3.416316,7.428571],"to":[6.6551123,9.70203,8.571428],"rotation":{"angle":-45.0,"axis":"z","origin":[5.512255,6.559173,8.0]},"faces":{"east":{"uv":[4.875,9.375,5.125,10.75],"rotation":0,"texture":"#0","tintindex":0},"south":{"uv":[5.125,9.375,5.375,10.75],"rotation":0,"texture":"#0","tintindex":0},"north":{"uv":[9.25,7.5,9.5,8.875],"rotation":0,"texture":"#0","tintindex":0},"west":{"uv":[9.5,1.25,9.75,2.625],"rotation":0,"texture":"#0","tintindex":0},"up":{"uv":[10.25,2.5,10.0,2.25],"rotation":0,"texture":"#0","tintindex":0},"down":{"uv":[10.25,2.5,10.0,2.75],"rotation":0,"texture":"#0","tintindex":0}}}],"display":{"head":{"translation":[0.0,-6.4,0.0],"scale":[4.0,4.0,4.0]}}}