{"textures":{"0":"modelengine:entity/ender_fly_texture"},"elements":[{"from":[9.683683,2.069398,7.428571],"to":[10.826541,8.355112,8.571428],"rotation":{"angle":45.0,"axis":"z","origin":[9.683683,5.212255,8.0]},"faces":{"east":{"uv":[6.375,9.5,6.625,10.875],"rotation":0,"texture":"#0","tintindex":0},"south":{"uv":[9.5,6.875,9.75,8.25],"rotation":0,"texture":"#0","tintindex":0},"north":{"uv":[6.125,9.5,6.375,10.875],"rotation":0,"texture":"#0","tintindex":0},"west":{"uv":[2.5,9.625,2.75,11.0],"rotation":0,"texture":"#0","tintindex":0},"up":{"uv":[10.25,7.875,10.0,7.625],"rotation":0,"texture":"#0","tintindex":0},"down":{"uv":[10.25,7.875,10.0,8.125],"rotation":0,"texture":"#0","tintindex":0}}},{"from":[11.912255,2.9551125,7.428571],"to":[18.197971,4.0979695,8.571428],"rotation":{"angle":0.0,"axis":"y","origin":[17.626541,6.0979695,8.0]},"faces":{"east":{"uv":[8.375,10.0,8.625,10.25],"rotation":0,"texture":"#0","tintindex":0},"south":{"uv":[9.5,8.5,10.875,8.75],"rotation":0,"texture":"#0","tintindex":0},"north":{"uv":[9.5,8.25,10.875,8.5],"rotation":0,"texture":"#0","tintindex":0},"west":{"uv":[8.625,10.0,8.875,10.25],"rotation":0,"texture":"#0","tintindex":0},"up":{"uv":[9.75,9.875,8.375,9.625],"rotation":0,"texture":"#0","tintindex":0},"down":{"uv":[11.0,8.75,9.625,9.0],"rotation":0,"texture":"#0","tintindex":0}}}],"display":{"head":{"translation":[0.0,-6.4,0.0],"scale":[4.0,4.0,4.0]}}}