{"textures":{"0":"modelengine:entity/ender_fly_texture"},"elements":[{"from":[9.683683,2.069398,7.428571],"to":[10.826541,8.355112,8.571428],"rotation":{"angle":45.0,"axis":"z","origin":[9.683683,5.212255,8.0]},"faces":{"east":{"uv":[3.0,9.625,3.25,11.0],"rotation":0,"texture":"#0","tintindex":0},"south":{"uv":[0.625,9.75,0.875,11.125],"rotation":0,"texture":"#0","tintindex":0},"north":{"uv":[2.75,9.625,3.0,11.0],"rotation":0,"texture":"#0","tintindex":0},"west":{"uv":[0.875,9.75,1.125,11.125],"rotation":0,"texture":"#0","tintindex":0},"up":{"uv":[9.125,10.25,8.875,10.0],"rotation":0,"texture":"#0","tintindex":0},"down":{"uv":[9.375,10.0,9.125,10.25],"rotation":0,"texture":"#0","tintindex":0}}},{"from":[11.912255,2.9551125,7.428571],"to":[18.197971,4.0979695,8.571428],"rotation":{"angle":0.0,"axis":"y","origin":[17.626541,6.0979695,8.0]},"faces":{"east":{"uv":[9.375,10.0,9.625,10.25],"rotation":0,"texture":"#0","tintindex":0},"south":{"uv":[9.625,9.25,11.0,9.5],"rotation":0,"texture":"#0","tintindex":0},"north":{"uv":[9.625,9.0,11.0,9.25],"rotation":0,"texture":"#0","tintindex":0},"west":{"uv":[9.625,10.0,9.875,10.25],"rotation":0,"texture":"#0","tintindex":0},"up":{"uv":[11.125,1.5,9.75,1.25],"rotation":0,"texture":"#0","tintindex":0},"down":{"uv":[11.125,1.5,9.75,1.75],"rotation":0,"texture":"#0","tintindex":0}}}],"display":{"head":{"translation":[0.0,-6.4,0.0],"scale":[4.0,4.0,4.0]}}}