{"textures":{"0":"modelengine:entity/ender_fly_texture"},"elements":[{"from":[8.0,7.714286,3.7142854],"to":[24.0,8.285714,12.285715],"rotation":{"angle":0.0,"axis":"y","origin":[23.428572,7.714286,4.285714]},"faces":{"east":{"uv":[9.75,8.125,11.625,8.25],"rotation":0,"texture":"#0","tintindex":0},"south":{"uv":[8.875,4.0,12.375,4.125],"rotation":0,"texture":"#0","tintindex":0},"north":{"uv":[8.75,1.125,12.25,1.25],"rotation":0,"texture":"#0","tintindex":0},"west":{"uv":[10.0,1.75,11.875,1.875],"rotation":0,"texture":"#0","tintindex":0},"up":{"uv":[0.0,1.875,3.5,0.0],"rotation":0,"texture":"#0","tintindex":0},"down":{"uv":[0.0,1.875,3.5,3.75],"rotation":0,"texture":"#0","tintindex":0}}}],"display":{"head":{"translation":[0.0,-6.4,0.0],"scale":[4.0,4.0,4.0]}}}