{
    "providers": [
        {
            "file": "nova:gui/empty.png",
            "chars": [
                "\uF000"
            ],
            "height": 135,
            "ascent": 13,
            "type": "bitmap"
        },
        {
            "file": "nova:gui/crafting.png",
            "chars": [
                "\uF001"
            ],
            "height": 135,
            "ascent": 13,
            "type": "bitmap"
        },
        {
            "file": "nova:gui/furnace.png",
            "chars": [
                "\uF002"
            ],
            "height": 135,
            "ascent": 13,
            "type": "bitmap"
        },
        {
            "file": "nova:gui/conversion.png",
            "chars": [
                "\uF003"
            ],
            "height": 135,
            "ascent": 13,
            "type": "bitmap"
        },
        {
            "file": "nova:gui/smithing.png",
            "chars": [
                "\uF004"
            ],
            "height": 135,
            "ascent": 13,
            "type": "bitmap"
        },
        {
            "file": "nova:gui/pulverizer.png",
            "chars": [
                "\uF005"
            ],
            "height": 135,
            "ascent": 13,
            "type": "bitmap"
        },
        {
            "file": "nova:gui/press.png",
            "chars": [
                "\uF006"
            ],
            "height": 135,
            "ascent": 13,
            "type": "bitmap"
        },
        {
            "file": "nova:gui/fluid_infuser.png",
            "chars": [
                "\uF007"
            ],
            "height": 135,
            "ascent": 13,
            "type": "bitmap"
        },
        {
            "file": "nova:gui/star_collector.png",
            "chars": [
                "\uF008"
            ],
            "height": 135,
            "ascent": 13,
            "type": "bitmap"
        },
        {
            "file": "nova:gui/cobblestone_generator.png",
            "chars": [
                "\uF009"
            ],
            "height": 135,
            "ascent": 13,
            "type": "bitmap"
        },
        {
            "file": "nova:gui/freezer.png",
            "chars": [
                "\uF00A"
            ],
            "height": 135,
            "ascent": 13,
            "type": "bitmap"
        },
        {
            "file": "nova:gui/search.png",
            "chars": [
                "\uF00B"
            ],
            "height": 70,
            "ascent": 13,
            "type": "bitmap"
        },
        {
            "file": "nova:gui/creative/0.png",
            "chars": [
                "\uF100"
            ],
            "height": 135,
            "ascent": 13,
            "type": "bitmap"
        },
        {
            "file": "nova:gui/creative/1.png",
            "chars": [
                "\uF101"
            ],
            "height": 135,
            "ascent": 13,
            "type": "bitmap"
        },
        {
            "file": "nova:gui/creative/2.png",
            "chars": [
                "\uF102"
            ],
            "height": 135,
            "ascent": 13,
            "type": "bitmap"
        },
        {
            "file": "nova:gui/creative/3.png",
            "chars": [
                "\uF103"
            ],
            "height": 135,
            "ascent": 13,
            "type": "bitmap"
        },
        {
            "file": "nova:gui/creative/4.png",
            "chars": [
                "\uF104"
            ],
            "height": 135,
            "ascent": 13,
            "type": "bitmap"
        },
        {
            "file": "nova:gui/electric_brewing_stand.png",
            "chars": [
                "\uF200"
            ],
            "height": 135,
            "ascent": 13,
            "type": "bitmap"
        },
        {
            "file": "nova:gui/configure_potion.png",
            "chars": [
                "\uF201"
            ],
            "height": 135,
            "ascent": 13,
            "type": "bitmap"
        },
        {
            "file": "nova:gui/color_picker.png",
            "chars": [
                "\uF202"
            ],
            "height": 75,
            "ascent": 13,
            "type": "bitmap"
        }
    ]
}