{
    "providers": [
        {
            "file": "nova:font/char/space.png",
            "chars": [
                " "
            ],
            "height": 8,
            "ascent": -27,
            "type": "bitmap"
        },
        {
            "file": "nova:font/char/0.png",
            "chars": [
                "0"
            ],
            "height": 8,
            "ascent": -27,
            "type": "bitmap"
        },
        {
            "file": "nova:font/char/1.png",
            "chars": [
                "1"
            ],
            "height": 8,
            "ascent": -27,
            "type": "bitmap"
        },
        {
            "file": "nova:font/char/2.png",
            "chars": [
                "2"
            ],
            "height": 8,
            "ascent": -27,
            "type": "bitmap"
        },
        {
            "file": "nova:font/char/3.png",
            "chars": [
                "3"
            ],
            "height": 8,
            "ascent": -27,
            "type": "bitmap"
        },
        {
            "file": "nova:font/char/4.png",
            "chars": [
                "4"
            ],
            "height": 8,
            "ascent": -27,
            "type": "bitmap"
        },
        {
            "file": "nova:font/char/5.png",
            "chars": [
                "5"
            ],
            "height": 8,
            "ascent": -27,
            "type": "bitmap"
        },
        {
            "file": "nova:font/char/6.png",
            "chars": [
                "6"
            ],
            "height": 8,
            "ascent": -27,
            "type": "bitmap"
        },
        {
            "file": "nova:font/char/7.png",
            "chars": [
                "7"
            ],
            "height": 8,
            "ascent": -27,
            "type": "bitmap"
        },
        {
            "file": "nova:font/char/8.png",
            "chars": [
                "8"
            ],
            "height": 8,
            "ascent": -27,
            "type": "bitmap"
        },
        {
            "file": "nova:font/char/9.png",
            "chars": [
                "9"
            ],
            "height": 8,
            "ascent": -27,
            "type": "bitmap"
        },
        {
            "file": "nova:font/char/slash.png",
            "chars": [
                "/"
            ],
            "height": 8,
            "ascent": -27,
            "type": "bitmap"
        }
    ]
}