{"textures":{"0":"modelengine:entity/texture"},"elements":[{"from":[12.285715,11.571428,8.142858],"to":[14.0,12.428572,9.285714],"rotation":{"angle":0.0,"axis":"y","origin":[8.0,8.0,8.0]},"faces":{"east":{"uv":[12.0,12.75,12.5,13.125],"rotation":0,"texture":"#0","tintindex":0},"south":{"uv":[12.75,1.5,13.5,1.875],"rotation":0,"texture":"#0","tintindex":0},"north":{"uv":[12.75,1.0,13.5,1.375],"rotation":0,"texture":"#0","tintindex":0},"west":{"uv":[12.5,12.75,13.0,13.125],"rotation":0,"texture":"#0","tintindex":0},"up":{"uv":[13.0,9.75,12.25,9.25],"rotation":0,"texture":"#0","tintindex":0},"down":{"uv":[10.5,12.25,9.75,12.75],"rotation":0,"texture":"#0","tintindex":0}}},{"from":[12.571428,11.285714,6.714286],"to":[14.285715,12.142858,7.857143],"rotation":{"angle":0.0,"axis":"y","origin":[8.0,8.0,8.0]},"faces":{"east":{"uv":[5.0,10.25,5.5,10.625],"rotation":0,"texture":"#0","tintindex":0},"south":{"uv":[12.75,0.0,13.5,0.375],"rotation":0,"texture":"#0","tintindex":0},"north":{"uv":[0.0,12.75,0.75,13.125],"rotation":0,"texture":"#0","tintindex":0},"west":{"uv":[9.75,12.75,10.25,13.125],"rotation":0,"texture":"#0","tintindex":0},"up":{"uv":[9.75,10.5,9.0,10.0],"rotation":0,"texture":"#0","tintindex":0},"down":{"uv":[7.25,12.25,6.5,12.75],"rotation":0,"texture":"#0","tintindex":0}}},{"from":[14.571428,6.714286,8.142858],"to":[16.142857,7.5714283,9.285714],"rotation":{"angle":45.0,"axis":"z","origin":[8.0,8.0,8.0]},"faces":{"east":{"uv":[12.75,10.75,13.25,11.125],"rotation":0,"texture":"#0","tintindex":0},"south":{"uv":[0.75,12.75,1.5,13.125],"rotation":0,"texture":"#0","tintindex":0},"north":{"uv":[12.75,0.5,13.5,0.875],"rotation":0,"texture":"#0","tintindex":0},"west":{"uv":[11.5,12.75,12.0,13.125],"rotation":0,"texture":"#0","tintindex":0},"up":{"uv":[8.0,12.75,7.25,12.25],"rotation":0,"texture":"#0","tintindex":0},"down":{"uv":[13.0,8.75,12.25,9.25],"rotation":0,"texture":"#0","tintindex":0}}},{"from":[11.428572,13.571428,6.714286],"to":[12.571428,15.571428,7.857143],"rotation":{"angle":-22.5,"axis":"z","origin":[8.0,8.0,8.0]},"faces":{"east":{"uv":[8.25,11.75,8.75,12.625],"rotation":0,"texture":"#0","tintindex":0},"south":{"uv":[12.0,6.0,12.5,6.875],"rotation":0,"texture":"#0","tintindex":0},"north":{"uv":[3.25,4.0,3.75,4.875],"rotation":0,"texture":"#0","tintindex":0},"west":{"uv":[8.75,12.0,9.25,12.875],"rotation":0,"texture":"#0","tintindex":0},"up":{"uv":[2.0,4.0,1.5,3.5],"rotation":0,"texture":"#0","tintindex":0},"down":{"uv":[3.75,5.0,3.25,5.5],"rotation":0,"texture":"#0","tintindex":0}}},{"from":[12.285715,12.857143,6.5714283],"to":[15.142858,13.714286,9.428572],"rotation":{"angle":0.0,"axis":"y","origin":[8.0,8.0,8.0]},"faces":{"east":{"uv":[4.5,11.75,5.75,12.125],"rotation":0,"texture":"#0","tintindex":0},"south":{"uv":[4.5,11.75,5.75,12.125],"rotation":0,"texture":"#0","tintindex":0},"north":{"uv":[4.5,11.75,5.75,12.125],"rotation":0,"texture":"#0","tintindex":0},"west":{"uv":[4.5,11.75,5.75,12.125],"rotation":0,"texture":"#0","tintindex":0},"up":{"uv":[2.5,8.5,1.25,7.25],"rotation":0,"texture":"#0","tintindex":0},"down":{"uv":[3.75,7.25,2.5,8.5],"rotation":0,"texture":"#0","tintindex":0}}},{"from":[12.571428,13.714286,6.857143],"to":[14.857143,14.857143,9.142858],"rotation":{"angle":0.0,"axis":"y","origin":[8.0,8.0,8.0]},"faces":{"east":{"uv":[10.25,11.0,11.5,11.5],"rotation":0,"texture":"#0","tintindex":0},"south":{"uv":[6.25,11.25,7.5,11.75],"rotation":0,"texture":"#0","tintindex":0},"north":{"uv":[10.75,2.75,12.0,3.25],"rotation":0,"texture":"#0","tintindex":0},"west":{"uv":[11.25,7.25,12.5,7.75],"rotation":0,"texture":"#0","tintindex":0},"up":{"uv":[5.0,8.5,3.75,7.25],"rotation":0,"texture":"#0","tintindex":0},"down":{"uv":[8.75,5.25,7.5,6.5],"rotation":0,"texture":"#0","tintindex":0}}}],"display":{"head":{"translation":[0.0,-6.4,0.0],"scale":[4.0,4.0,4.0]}}}