{"textures":{"0":"modelengine:entity/texture"},"elements":[{"from":[3.5714283,13.428572,6.714286],"to":[4.714286,15.428572,7.857143],"rotation":{"angle":22.5,"axis":"z","origin":[8.0,8.0,8.0]},"faces":{"east":{"uv":[10.5,12.0,11.0,12.875],"rotation":0,"texture":"#0","tintindex":0},"south":{"uv":[11.0,12.0,11.5,12.875],"rotation":0,"texture":"#0","tintindex":0},"north":{"uv":[9.25,12.0,9.75,12.875],"rotation":0,"texture":"#0","tintindex":0},"west":{"uv":[3.0,12.25,3.5,13.125],"rotation":0,"texture":"#0","tintindex":0},"up":{"uv":[8.0,7.0,7.5,6.5],"rotation":0,"texture":"#0","tintindex":0},"down":{"uv":[9.75,8.25,9.25,8.75],"rotation":0,"texture":"#0","tintindex":0}}},{"from":[0.9999995,12.857143,6.5714283],"to":[3.8571424,13.714286,9.428572],"rotation":{"angle":0.0,"axis":"y","origin":[8.0,8.0,8.0]},"faces":{"east":{"uv":[4.5,11.75,5.75,12.125],"rotation":0,"texture":"#0","tintindex":0},"south":{"uv":[4.5,11.75,5.75,12.125],"rotation":0,"texture":"#0","tintindex":0},"north":{"uv":[4.5,11.75,5.75,12.125],"rotation":0,"texture":"#0","tintindex":0},"west":{"uv":[4.5,11.75,5.75,12.125],"rotation":0,"texture":"#0","tintindex":0},"up":{"uv":[9.25,9.0,8.0,7.75],"rotation":0,"texture":"#0","tintindex":0},"down":{"uv":[9.5,0.0,8.25,1.25],"rotation":0,"texture":"#0","tintindex":0}}},{"from":[1.2857141,13.714286,6.857143],"to":[3.5714283,14.857143,9.142858],"rotation":{"angle":0.0,"axis":"y","origin":[8.0,8.0,8.0]},"faces":{"east":{"uv":[10.25,11.0,11.5,11.5],"rotation":0,"texture":"#0","tintindex":0},"south":{"uv":[6.25,11.25,7.5,11.75],"rotation":0,"texture":"#0","tintindex":0},"north":{"uv":[10.75,2.75,12.0,3.25],"rotation":0,"texture":"#0","tintindex":0},"west":{"uv":[11.25,7.25,12.5,7.75],"rotation":0,"texture":"#0","tintindex":0},"up":{"uv":[9.0,2.5,7.75,1.25],"rotation":0,"texture":"#0","tintindex":0},"down":{"uv":[9.25,6.5,8.0,7.75],"rotation":0,"texture":"#0","tintindex":0}}},{"from":[1.9999995,11.571428,8.142858],"to":[3.7142854,12.428572,9.285714],"rotation":{"angle":0.0,"axis":"y","origin":[8.0,8.0,8.0]},"faces":{"east":{"uv":[3.5,13.0,4.0,13.375],"rotation":0,"texture":"#0","tintindex":0},"south":{"uv":[6.5,12.75,7.25,13.125],"rotation":0,"texture":"#0","tintindex":0},"north":{"uv":[12.75,3.75,13.5,4.125],"rotation":0,"texture":"#0","tintindex":0},"west":{"uv":[4.0,13.0,4.5,13.375],"rotation":0,"texture":"#0","tintindex":0},"up":{"uv":[2.25,13.0,1.5,12.5],"rotation":0,"texture":"#0","tintindex":0},"down":{"uv":[13.25,3.25,12.5,3.75],"rotation":0,"texture":"#0","tintindex":0}}},{"from":[-0.14285755,6.714286,8.142858],"to":[1.4285712,7.5714283,9.285714],"rotation":{"angle":-45.0,"axis":"z","origin":[8.0,8.0,8.0]},"faces":{"east":{"uv":[1.5,13.0,2.0,13.375],"rotation":0,"texture":"#0","tintindex":0},"south":{"uv":[12.75,2.5,13.5,2.875],"rotation":0,"texture":"#0","tintindex":0},"north":{"uv":[2.25,12.75,3.0,13.125],"rotation":0,"texture":"#0","tintindex":0},"west":{"uv":[13.0,2.0,13.5,2.375],"rotation":0,"texture":"#0","tintindex":0},"up":{"uv":[12.25,12.75,11.5,12.25],"rotation":0,"texture":"#0","tintindex":0},"down":{"uv":[13.0,12.25,12.25,12.75],"rotation":0,"texture":"#0","tintindex":0}}},{"from":[1.8571424,11.285714,6.714286],"to":[3.5714283,12.142858,7.857143],"rotation":{"angle":0.0,"axis":"y","origin":[8.0,8.0,8.0]},"faces":{"east":{"uv":[4.5,13.0,5.0,13.375],"rotation":0,"texture":"#0","tintindex":0},"south":{"uv":[8.0,12.75,8.75,13.125],"rotation":0,"texture":"#0","tintindex":0},"north":{"uv":[7.25,12.75,8.0,13.125],"rotation":0,"texture":"#0","tintindex":0},"west":{"uv":[5.0,13.0,5.5,13.375],"rotation":0,"texture":"#0","tintindex":0},"up":{"uv":[13.25,5.0,12.5,4.5],"rotation":0,"texture":"#0","tintindex":0},"down":{"uv":[13.25,5.0,12.5,5.5],"rotation":0,"texture":"#0","tintindex":0}}}],"display":{"head":{"translation":[0.0,-6.4,0.0],"scale":[4.0,4.0,4.0]}}}