{"textures":{"0":"modelengine:entity/wolf_main","1":"modelengine:entity/wolf_extra"},"elements":[{"from":[6.2862854,7.428571,5.142857],"to":[9.713715,8.571428,9.142858],"rotation":{"angle":0.0,"axis":"y","origin":[8.571428,8.571428,8.0]},"faces":{"east":{"uv":[13.0,3.125,13.875,3.375],"rotation":0,"texture":"#0","tintindex":0},"south":{"uv":[13.125,10.375,13.875,10.625],"rotation":0,"texture":"#0","tintindex":0},"north":{"uv":[9.25,8.625,10.0,8.875],"rotation":0,"texture":"#0","tintindex":0},"west":{"uv":[13.125,0.375,14.0,0.625],"rotation":0,"texture":"#0","tintindex":0},"up":{"uv":[12.25,6.125,11.5,5.25],"rotation":0,"texture":"#0","tintindex":0},"down":{"uv":[10.375,11.5,9.625,12.375],"rotation":0,"texture":"#0","tintindex":0}}},{"from":[6.285714,8.571428,7.428571],"to":[6.285714,9.142858,8.0],"rotation":{"angle":0.0,"axis":"y","origin":[9.714286,8.571428,4.5714283]},"faces":{"east":{"uv":[6.0,10.0,6.2,10.2],"rotation":0,"texture":"#1","tintindex":0},"south":{"uv":[0.0,0.0,0.0,0.2],"rotation":0,"texture":"#1","tintindex":0},"north":{"uv":[0.0,0.0,0.0,0.2],"rotation":0,"texture":"#1","tintindex":0},"west":{"uv":[6.2,10.0,6.4,10.2],"rotation":0,"texture":"#1","tintindex":0},"up":{"uv":[0.0,0.2,0.0,0.0],"rotation":0,"texture":"#1","tintindex":0},"down":{"uv":[0.0,0.0,0.0,0.2],"rotation":0,"texture":"#1","tintindex":0}}},{"from":[6.285714,8.571428,6.285714],"to":[6.285714,9.142858,6.857143],"rotation":{"angle":0.0,"axis":"y","origin":[9.714286,8.571428,3.4285712]},"faces":{"east":{"uv":[9.4,11.0,9.6,11.2],"rotation":0,"texture":"#1","tintindex":0},"south":{"uv":[0.0,0.0,0.0,0.2],"rotation":0,"texture":"#1","tintindex":0},"north":{"uv":[0.0,0.0,0.0,0.2],"rotation":0,"texture":"#1","tintindex":0},"west":{"uv":[9.6,11.0,9.8,11.2],"rotation":0,"texture":"#1","tintindex":0},"up":{"uv":[0.0,0.2,0.0,0.0],"rotation":0,"texture":"#1","tintindex":0},"down":{"uv":[0.0,0.0,0.0,0.2],"rotation":0,"texture":"#1","tintindex":0}}},{"from":[6.285714,8.571428,5.142857],"to":[6.857143,9.714286,5.142857],"rotation":{"angle":0.0,"axis":"y","origin":[9.714286,8.571428,4.5714283]},"faces":{"east":{"uv":[0.0,0.0,0.0,0.4],"rotation":0,"texture":"#1","tintindex":0},"south":{"uv":[9.6,10.2,9.8,10.6],"rotation":0,"texture":"#1","tintindex":0},"north":{"uv":[9.4,10.2,9.6,10.6],"rotation":0,"texture":"#1","tintindex":0},"west":{"uv":[0.0,0.0,0.0,0.4],"rotation":0,"texture":"#1","tintindex":0},"up":{"uv":[0.2,0.0,0.0,0.0],"rotation":0,"texture":"#1","tintindex":0},"down":{"uv":[0.2,0.0,0.0,0.0],"rotation":0,"texture":"#1","tintindex":0}}},{"from":[6.857143,8.571428,5.142857],"to":[9.142858,9.142858,5.142857],"rotation":{"angle":0.0,"axis":"y","origin":[11.428572,8.571428,4.5714283]},"faces":{"east":{"uv":[0.0,0.0,0.0,0.2],"rotation":0,"texture":"#1","tintindex":0},"south":{"uv":[6.0,9.8,6.8,10.0],"rotation":0,"texture":"#1","tintindex":0},"north":{"uv":[6.0,9.6,6.8,9.8],"rotation":0,"texture":"#1","tintindex":0},"west":{"uv":[0.0,0.0,0.0,0.2],"rotation":0,"texture":"#1","tintindex":0},"up":{"uv":[0.8,0.0,0.0,0.0],"rotation":0,"texture":"#1","tintindex":0},"down":{"uv":[0.8,0.0,0.0,0.0],"rotation":0,"texture":"#1","tintindex":0}}},{"from":[9.142858,8.571428,5.142857],"to":[9.714286,9.714286,5.142857],"rotation":{"angle":0.0,"axis":"y","origin":[12.571428,8.571428,4.5714283]},"faces":{"east":{"uv":[0.0,0.0,0.0,0.4],"rotation":0,"texture":"#1","tintindex":0},"south":{"uv":[9.6,10.6,9.8,11.0],"rotation":0,"texture":"#1","tintindex":0},"north":{"uv":[9.4,10.6,9.6,11.0],"rotation":0,"texture":"#1","tintindex":0},"west":{"uv":[0.0,0.0,0.0,0.4],"rotation":0,"texture":"#1","tintindex":0},"up":{"uv":[0.2,0.0,0.0,0.0],"rotation":0,"texture":"#1","tintindex":0},"down":{"uv":[0.2,0.0,0.0,0.0],"rotation":0,"texture":"#1","tintindex":0}}},{"from":[9.714286,8.571428,6.285714],"to":[9.714286,9.142858,6.857143],"rotation":{"angle":0.0,"axis":"y","origin":[13.142858,8.571428,3.4285712]},"faces":{"east":{"uv":[5.4,12.0,5.6,12.2],"rotation":0,"texture":"#1","tintindex":0},"south":{"uv":[0.0,0.0,0.0,0.2],"rotation":0,"texture":"#1","tintindex":0},"north":{"uv":[0.0,0.0,0.0,0.2],"rotation":0,"texture":"#1","tintindex":0},"west":{"uv":[5.6,12.0,5.8,12.2],"rotation":0,"texture":"#1","tintindex":0},"up":{"uv":[0.0,0.2,0.0,0.0],"rotation":0,"texture":"#1","tintindex":0},"down":{"uv":[0.0,0.0,0.0,0.2],"rotation":0,"texture":"#1","tintindex":0}}},{"from":[9.714286,8.571428,7.428571],"to":[9.714286,9.142858,8.0],"rotation":{"angle":0.0,"axis":"y","origin":[13.142858,8.571428,4.5714283]},"faces":{"east":{"uv":[2.8,12.2,3.0,12.4],"rotation":0,"texture":"#1","tintindex":0},"south":{"uv":[0.0,0.0,0.0,0.2],"rotation":0,"texture":"#1","tintindex":0},"north":{"uv":[0.0,0.0,0.0,0.2],"rotation":0,"texture":"#1","tintindex":0},"west":{"uv":[5.4,12.2,5.6,12.4],"rotation":0,"texture":"#1","tintindex":0},"up":{"uv":[0.0,0.2,0.0,0.0],"rotation":0,"texture":"#1","tintindex":0},"down":{"uv":[0.0,0.0,0.0,0.2],"rotation":0,"texture":"#1","tintindex":0}}},{"from":[6.285714,8.571428,5.142857],"to":[6.285714,9.142858,5.714286],"rotation":{"angle":0.0,"axis":"y","origin":[9.714286,8.571428,2.2857141]},"faces":{"east":{"uv":[9.6,11.4,9.8,11.6],"rotation":0,"texture":"#1","tintindex":0},"south":{"uv":[0.0,0.0,0.0,0.2],"rotation":0,"texture":"#1","tintindex":0},"north":{"uv":[0.0,0.0,0.0,0.2],"rotation":0,"texture":"#1","tintindex":0},"west":{"uv":[9.6,11.6,9.8,11.8],"rotation":0,"texture":"#1","tintindex":0},"up":{"uv":[0.0,0.2,0.0,0.0],"rotation":0,"texture":"#1","tintindex":0},"down":{"uv":[0.0,0.0,0.0,0.2],"rotation":0,"texture":"#1","tintindex":0}}},{"from":[9.714286,8.571428,5.142857],"to":[9.714286,9.142858,5.714286],"rotation":{"angle":0.0,"axis":"y","origin":[13.142858,8.571428,2.2857141]},"faces":{"east":{"uv":[5.4,11.8,5.6,12.0],"rotation":0,"texture":"#1","tintindex":0},"south":{"uv":[0.0,0.0,0.0,0.2],"rotation":0,"texture":"#1","tintindex":0},"north":{"uv":[0.0,0.0,0.0,0.2],"rotation":0,"texture":"#1","tintindex":0},"west":{"uv":[5.6,11.8,5.8,12.0],"rotation":0,"texture":"#1","tintindex":0},"up":{"uv":[0.0,0.2,0.0,0.0],"rotation":0,"texture":"#1","tintindex":0},"down":{"uv":[0.0,0.0,0.0,0.2],"rotation":0,"texture":"#1","tintindex":0}}}],"display":{"head":{"translation":[0.0,-6.4,0.0],"scale":[4.0,4.0,4.0]}}}