{
  "ice_queen.idle": {
    "sounds": [
      "custom/ice_queen_idle"
    ]
 },
   "ice_queen.start": {
    "sounds": [
      "custom/ice_queen_start"
    ]
 },
   "ice_queen.middle": {
    "sounds": [
      "custom/ice_queen_middle"
    ]
 },
   "ice_queen.end_transition": {
    "sounds": [
      "custom/ice_queen_end_transition"
    ]
 },
   "ice_queen.end_loop": {
    "sounds": [
      "custom/ice_queen_end_loop"
    ]
 },
   "karazhan.remix": {
    "sounds": [
      "custom/karazhan"
    ]
 }
}